License Year,Hunting,Deer Species,Residency,Hunters,Days,Days per Hunter,Total Harvest,Bucks,Does,Fawns,Bow,Rifle,Less than 4 Points,4 or More Points
2024,100,all_deer,N,0,0,0,160,121,37,3,0,160,32,88
2024,100,all_deer,R,0,0,0,987,770,215,3,22,951,283,487
2024,100,all_deer,SUM,0,0,0,1147,890,251,6,22,1111,315,575
2024,100,md,N,0,0,0,13,13,0,0,0,13,8,5
2024,100,md,R,0,0,0,100,100,0,0,6,94,51,50
2024,100,md,SUM,0,0,0,113,113,0,0,6,107,58,55
2024,100,wt,N,0,0,0,147,107,37,3,0,147,25,83
2024,100,wt,R,0,0,0,887,670,215,3,16,857,232,437
2024,100,wt,SUM,0,0,0,1034,777,251,6,16,1004,257,520
2024,101,all_deer,N,0,0,0,71,42,29,0,0,68,8,34
2024,101,all_deer,R,0,0,0,1495,1060,432,3,15,1456,318,742
2024,101,all_deer,SUM,0,0,0,1566,1102,460,3,15,1525,326,776
2024,101,md,N,0,0,0,16,16,0,0,0,16,3,13
2024,101,md,R,0,0,0,109,102,7,0,0,109,56,46
2024,101,md,SUM,0,0,0,125,118,7,0,0,125,58,59
2024,101,wt,N,0,0,0,55,26,29,0,0,53,5,21
2024,101,wt,R,0,0,0,1386,958,425,3,15,1347,262,696
2024,101,wt,SUM,0,0,0,1441,984,454,3,15,1400,268,717
2024,103,all_deer,N,0,0,0,111,94,17,0,3,108,43,51
2024,103,all_deer,R,0,0,0,1882,1525,356,0,41,1818,566,959
2024,103,all_deer,SUM,0,0,0,1992,1619,373,0,44,1926,609,1010
2024,103,md,N,0,0,0,13,13,0,0,0,13,11,3
2024,103,md,R,0,0,0,219,219,0,0,3,213,119,101
2024,103,md,SUM,0,0,0,233,233,0,0,3,226,129,103
2024,103,wt,N,0,0,0,98,81,17,0,3,95,32,48
2024,103,wt,R,0,0,0,1662,1306,356,0,38,1605,447,858
2024,103,wt,SUM,0,0,0,1760,1387,373,0,41,1699,480,907
2024,104,all_deer,N,0,0,0,65,42,23,0,0,65,16,26
2024,104,all_deer,R,0,0,0,552,412,139,0,24,521,114,298
2024,104,all_deer,SUM,0,0,0,617,455,162,0,24,586,131,324
2024,104,md,N,0,0,0,0,0,0,0,0,0,0,0
2024,104,md,R,0,0,0,66,59,7,0,0,66,19,40
2024,104,md,SUM,0,0,0,66,59,7,0,0,66,19,40
2024,104,wt,N,0,0,0,65,42,23,0,0,65,16,26
2024,104,wt,R,0,0,0,486,354,132,0,24,455,96,258
2024,104,wt,SUM,0,0,0,551,396,155,0,24,520,112,284
2024,110,all_deer,N,0,0,0,16,11,5,0,0,16,0,11
2024,110,all_deer,R,0,0,0,488,433,56,0,16,467,124,309
2024,110,all_deer,SUM,0,0,0,504,443,61,0,16,483,124,320
2024,110,md,N,0,0,0,0,0,0,0,0,0,0,0
2024,110,md,R,0,0,0,25,22,3,0,0,25,9,12
2024,110,md,SUM,0,0,0,25,22,3,0,0,25,9,12
2024,110,wt,N,0,0,0,16,11,5,0,0,16,0,11
2024,110,wt,R,0,0,0,464,411,53,0,16,442,114,297
2024,110,wt,SUM,0,0,0,479,422,58,0,16,458,114,307
2024,120,all_deer,N,0,0,0,18,16,3,0,3,16,5,11
2024,120,all_deer,R,0,0,0,706,597,106,3,20,683,207,387
2024,120,all_deer,SUM,0,0,0,724,612,109,3,22,699,212,397
2024,120,md,N,0,0,0,3,3,0,0,0,3,0,3
2024,120,md,R,0,0,0,31,28,3,0,0,31,19,9
2024,120,md,SUM,0,0,0,34,30,3,0,0,34,19,12
2024,120,wt,N,0,0,0,16,13,3,0,3,13,5,8
2024,120,wt,R,0,0,0,675,569,103,3,20,652,189,377
2024,120,wt,SUM,0,0,0,691,582,106,3,22,665,194,385
2024,121,all_deer,N,0,0,0,156,149,7,0,3,151,45,105
2024,121,all_deer,R,0,0,0,949,855,94,0,8,921,284,571
2024,121,all_deer,SUM,0,0,0,1106,1004,101,0,11,1072,329,676
2024,121,md,N,0,0,0,42,42,0,0,0,42,16,26
2024,121,md,R,0,0,0,127,124,3,0,0,124,37,87
2024,121,md,SUM,0,0,0,169,166,3,0,0,166,53,113
2024,121,wt,N,0,0,0,114,107,7,0,3,109,29,79
2024,121,wt,R,0,0,0,823,731,91,0,8,797,247,484
2024,121,wt,SUM,0,0,0,937,839,98,0,11,906,276,563
2024,122,all_deer,N,0,0,0,60,58,3,0,0,60,13,45
2024,122,all_deer,R,0,0,0,736,637,97,2,15,715,241,396
2024,122,all_deer,SUM,0,0,0,796,695,99,2,15,775,254,440
2024,122,md,N,0,0,0,34,34,0,0,0,34,8,26
2024,122,md,R,0,0,0,167,167,0,0,3,164,80,87
2024,122,md,SUM,0,0,0,201,201,0,0,3,198,88,113
2024,122,wt,N,0,0,0,26,24,3,0,0,26,5,18
2024,122,wt,R,0,0,0,569,470,97,2,11,551,161,309
2024,122,wt,SUM,0,0,0,595,494,99,2,11,577,166,328
2024,123,all_deer,N,0,0,0,31,29,3,0,3,26,8,21
2024,123,all_deer,R,0,0,0,204,189,15,0,6,189,96,93
2024,123,all_deer,SUM,0,0,0,235,217,18,0,9,216,104,114
2024,123,md,N,0,0,0,11,11,0,0,3,8,5,5
2024,123,md,R,0,0,0,62,62,0,0,3,59,40,22
2024,123,md,SUM,0,0,0,72,72,0,0,6,67,45,27
2024,123,wt,N,0,0,0,21,18,3,0,0,18,3,16
2024,123,wt,R,0,0,0,142,127,15,0,3,131,56,71
2024,123,wt,SUM,0,0,0,163,145,18,0,3,149,58,87
2024,124,all_deer,N,0,0,0,13,13,0,0,0,13,3,11
2024,124,all_deer,R,0,0,0,163,138,24,0,3,157,59,80
2024,124,all_deer,SUM,0,0,0,176,151,24,0,3,170,61,90
2024,124,md,N,0,0,0,11,11,0,0,0,11,3,8
2024,124,md,R,0,0,0,43,43,0,0,3,39,19,24
2024,124,md,SUM,0,0,0,53,53,0,0,3,50,21,32
2024,124,wt,N,0,0,0,3,3,0,0,0,3,0,3
2024,124,wt,R,0,0,0,120,96,24,0,0,117,40,56
2024,124,wt,SUM,0,0,0,123,99,24,0,0,120,40,58
2024,130,all_deer,N,0,0,0,26,26,0,0,0,24,11,16
2024,130,all_deer,R,0,0,0,574,557,17,0,6,559,142,415
2024,130,all_deer,SUM,0,0,0,600,583,17,0,6,582,153,431
2024,130,md,N,0,0,0,3,3,0,0,0,3,0,3
2024,130,md,R,0,0,0,30,30,0,0,0,30,0,30
2024,130,md,SUM,0,0,0,32,32,0,0,0,32,0,32
2024,130,wt,N,0,0,0,24,24,0,0,0,21,11,13
2024,130,wt,R,0,0,0,545,528,17,0,6,529,142,385
2024,130,wt,SUM,0,0,0,568,551,17,0,6,550,153,398
2024,140,all_deer,N,0,0,0,8,8,0,0,0,8,0,8
2024,140,all_deer,R,0,0,0,203,182,22,0,3,197,50,132
2024,140,all_deer,SUM,0,0,0,211,189,22,0,3,205,50,140
2024,140,md,N,0,0,0,0,0,0,0,0,0,0,0
2024,140,md,R,0,0,0,31,31,0,0,0,31,0,31
2024,140,md,SUM,0,0,0,31,31,0,0,0,31,0,31
2024,140,wt,N,0,0,0,8,8,0,0,0,8,0,8
2024,140,wt,R,0,0,0,172,151,22,0,3,166,50,101
2024,140,wt,SUM,0,0,0,180,159,22,0,3,174,50,109
2024,141,all_deer,N,0,0,0,0,0,0,0,0,0,0,0
2024,141,all_deer,R,0,0,0,22,19,0,3,0,22,9,9
2024,141,all_deer,SUM,0,0,0,22,19,0,3,0,22,9,9
2024,141,md,N,0,0,0,0,0,0,0,0,0,0,0
2024,141,md,R,0,0,0,3,3,0,0,0,3,0,3
2024,141,md,SUM,0,0,0,3,3,0,0,0,3,0,3
2024,141,wt,N,0,0,0,0,0,0,0,0,0,0,0
2024,141,wt,R,0,0,0,19,16,0,3,0,19,9,6
2024,141,wt,SUM,0,0,0,19,16,0,3,0,19,9,6
2024,150,all_deer,N,0,0,0,5,5,0,0,0,5,3,3
2024,150,all_deer,R,0,0,0,16,16,0,0,0,16,0,16
2024,150,all_deer,SUM,0,0,0,21,21,0,0,0,21,3,18
2024,150,md,N,0,0,0,3,3,0,0,0,3,3,0
2024,150,md,R,0,0,0,9,9,0,0,0,9,0,9
2024,150,md,SUM,0,0,0,12,12,0,0,0,12,3,9
2024,150,wt,N,0,0,0,3,3,0,0,0,3,0,3
2024,150,wt,R,0,0,0,6,6,0,0,0,6,0,6
2024,150,wt,SUM,0,0,0,9,9,0,0,0,9,0,9
2024,170,all_deer,N,0,0,0,48,17,30,0,3,42,4,13
2024,170,all_deer,R,0,0,0,1778,903,861,14,186,1545,251,649
2024,170,all_deer,SUM,0,0,0,1826,921,891,14,189,1587,255,662
2024,170,md,N,0,0,0,4,3,2,0,0,4,3,0
2024,170,md,R,0,0,0,31,28,0,4,0,31,16,12
2024,170,md,SUM,0,0,0,36,30,2,4,0,36,18,12
2024,170,wt,N,0,0,0,44,15,29,0,3,38,2,13
2024,170,wt,R,0,0,0,1747,875,861,10,186,1514,235,637
2024,170,wt,SUM,0,0,0,1790,890,890,10,189,1552,237,650
2024,1XX,all_deer,N,0,0,0,13,8,5,0,0,13,0,8
2024,1XX,all_deer,R,0,0,0,99,75,24,0,0,99,40,34
2024,1XX,all_deer,SUM,0,0,0,112,82,30,0,0,112,40,42
2024,1XX,md,R,0,0,0,16,12,3,0,0,16,3,9
2024,1XX,md,SUM,0,0,0,16,12,3,0,0,16,3,9
2024,1XX,wt,N,0,0,0,13,8,5,0,0,13,0,8
2024,1XX,wt,R,0,0,0,83,62,21,0,0,83,37,25
2024,1XX,wt,SUM,0,0,0,96,70,27,0,0,96,37,33
2024,200,all_deer,N,0,0,0,22,18,4,0,0,22,5,13
2024,200,all_deer,R,0,0,0,212,195,17,0,6,203,59,136
2024,200,all_deer,SUM,0,0,0,234,213,21,0,6,225,64,149
2024,200,md,N,0,0,0,3,3,0,0,0,3,0,3
2024,200,md,R,0,0,0,31,28,3,0,0,31,12,16
2024,200,md,SUM,0,0,0,34,30,3,0,0,34,12,18
2024,200,wt,N,0,0,0,19,16,4,0,0,19,5,11
2024,200,wt,R,0,0,0,181,167,14,0,6,172,46,121
2024,200,wt,SUM,0,0,0,201,183,18,0,6,191,52,131
2024,201,all_deer,N,0,0,0,49,45,5,0,5,44,11,34
2024,201,all_deer,R,0,0,0,1234,1054,174,7,43,1188,463,585
2024,201,all_deer,SUM,0,0,0,1284,1098,178,7,48,1232,473,619
2024,201,md,N,0,0,0,8,8,0,0,3,5,5,3
2024,201,md,R,0,0,0,197,195,2,0,0,197,130,65
2024,201,md,SUM,0,0,0,205,203,2,0,3,202,135,68
2024,201,wt,N,0,0,0,41,37,5,0,3,39,5,31
2024,201,wt,R,0,0,0,1038,859,172,7,43,992,333,520
2024,201,wt,SUM,0,0,0,1079,896,176,7,46,1030,338,552
2024,202,all_deer,N,0,0,0,41,41,0,0,0,41,7,34
2024,202,all_deer,R,0,0,0,606,513,90,3,2,599,182,331
2024,202,all_deer,SUM,0,0,0,647,554,90,3,2,640,188,366
2024,202,md,N,0,0,0,7,7,0,0,0,7,1,5
2024,202,md,R,0,0,0,93,90,3,0,0,93,25,65
2024,202,md,SUM,0,0,0,99,96,3,0,0,99,26,70
2024,202,wt,N,0,0,0,34,34,0,0,0,34,5,29
2024,202,wt,R,0,0,0,513,423,87,3,2,506,157,267
2024,202,wt,SUM,0,0,0,547,457,87,3,2,540,162,296
2024,204,all_deer,N,0,0,0,16,11,5,0,0,16,3,8
2024,204,all_deer,R,0,0,0,453,353,101,0,58,393,124,226
2024,204,all_deer,SUM,0,0,0,469,363,106,0,58,408,126,234
2024,204,md,N,0,0,0,5,5,0,0,0,5,0,5
2024,204,md,R,0,0,0,62,62,0,0,0,62,31,31
2024,204,md,SUM,0,0,0,67,67,0,0,0,67,31,36
2024,204,wt,N,0,0,0,11,5,5,0,0,11,3,3
2024,204,wt,R,0,0,0,391,291,101,0,58,331,93,195
2024,204,wt,SUM,0,0,0,402,296,106,0,58,341,95,197
2024,210,all_deer,N,0,0,0,39,24,15,0,3,36,9,15
2024,210,all_deer,R,0,0,0,313,184,128,0,6,305,31,153
2024,210,all_deer,SUM,0,0,0,351,208,143,0,9,341,40,168
2024,210,md,N,0,0,0,12,12,0,0,0,12,5,7
2024,210,md,R,0,0,0,62,40,22,0,0,61,3,37
2024,210,md,SUM,0,0,0,74,52,22,0,0,72,8,44
2024,210,wt,N,0,0,0,27,12,15,0,3,24,4,8
2024,210,wt,R,0,0,0,250,144,106,0,6,244,28,116
2024,210,wt,SUM,0,0,0,277,156,121,0,9,268,32,124
2024,211,all_deer,N,0,0,0,21,18,3,0,3,18,11,8
2024,211,all_deer,R,0,0,0,60,60,0,0,3,57,30,31
2024,211,all_deer,SUM,0,0,0,81,79,3,0,6,76,40,39
2024,211,md,N,0,0,0,13,13,0,0,3,11,5,8
2024,211,md,R,0,0,0,40,40,0,0,3,37,19,22
2024,211,md,SUM,0,0,0,53,53,0,0,6,48,24,30
2024,211,wt,N,0,0,0,8,5,3,0,0,8,5,0
2024,211,wt,R,0,0,0,20,20,0,0,0,20,11,9
2024,211,wt,SUM,0,0,0,28,26,3,0,0,28,16,9
2024,212,all_deer,N,0,0,0,4,3,2,0,0,4,3,0
2024,212,all_deer,R,0,0,0,107,91,17,0,3,104,50,41
2024,212,all_deer,SUM,0,0,0,111,93,18,0,3,108,52,41
2024,212,md,N,0,0,0,3,3,0,0,0,3,3,0
2024,212,md,R,0,0,0,59,55,5,0,0,59,28,27
2024,212,md,SUM,0,0,0,62,57,5,0,0,62,30,27
2024,212,wt,N,0,0,0,2,0,2,0,0,2,0,0
2024,212,wt,R,0,0,0,48,36,12,0,3,45,22,14
2024,212,wt,SUM,0,0,0,50,36,14,0,3,46,22,14
2024,213,all_deer,N,0,0,0,26,21,5,0,6,20,10,11
2024,213,all_deer,R,0,0,0,309,221,89,0,41,269,104,116
2024,213,all_deer,SUM,0,0,0,335,242,94,0,47,289,114,127
2024,213,md,N,0,0,0,11,11,0,0,0,11,8,3
2024,213,md,R,0,0,0,169,145,24,0,9,160,80,65
2024,213,md,SUM,0,0,0,180,156,24,0,9,170,88,68
2024,213,wt,N,0,0,0,16,11,5,0,6,10,2,9
2024,213,wt,R,0,0,0,140,75,65,0,31,109,24,51
2024,213,wt,SUM,0,0,0,156,86,70,0,37,119,26,60
2024,214,all_deer,N,0,0,0,16,16,0,0,0,16,11,5
2024,214,all_deer,R,0,0,0,80,68,12,0,0,80,34,34
2024,214,all_deer,SUM,0,0,0,96,84,12,0,0,96,45,39
2024,214,md,N,0,0,0,11,11,0,0,0,11,8,3
2024,214,md,R,0,0,0,34,31,3,0,0,34,16,16
2024,214,md,SUM,0,0,0,45,41,3,0,0,45,23,18
2024,214,wt,N,0,0,0,5,5,0,0,0,5,3,3
2024,214,wt,R,0,0,0,46,37,9,0,0,46,19,19
2024,214,wt,SUM,0,0,0,52,42,9,0,0,52,21,21
2024,215,all_deer,N,0,0,0,36,31,4,0,0,36,18,13
2024,215,all_deer,R,0,0,0,298,230,69,0,9,289,114,112
2024,215,all_deer,SUM,0,0,0,334,261,73,0,9,325,133,126
2024,215,md,N,0,0,0,24,24,0,0,0,24,16,8
2024,215,md,R,0,0,0,165,141,23,0,6,159,84,58
2024,215,md,SUM,0,0,0,188,165,23,0,6,182,99,66
2024,215,wt,N,0,0,0,12,8,4,0,0,12,3,5
2024,215,wt,R,0,0,0,134,89,45,0,3,131,31,55
2024,215,wt,SUM,0,0,0,146,97,49,0,3,143,34,60
2024,216,all_deer,N,0,0,0,22,15,7,0,0,22,10,5
2024,216,all_deer,R,0,0,0,158,128,29,1,6,152,52,74
2024,216,all_deer,SUM,0,0,0,180,142,36,1,6,174,62,79
2024,216,md,N,0,0,0,11,11,0,0,0,11,8,3
2024,216,md,R,0,0,0,65,65,0,0,6,58,31,34
2024,216,md,SUM,0,0,0,75,75,0,0,6,69,38,37
2024,216,wt,N,0,0,0,11,4,7,0,0,11,2,3
2024,216,wt,R,0,0,0,93,63,29,1,0,93,22,40
2024,216,wt,SUM,0,0,0,105,67,36,1,0,105,23,43
2024,217,all_deer,N,0,0,0,17,8,9,0,0,17,3,5
2024,217,all_deer,R,0,0,0,123,74,49,0,3,121,40,34
2024,217,all_deer,SUM,0,0,0,141,82,59,0,3,138,43,39
2024,217,md,N,0,0,0,9,8,1,0,0,9,3,5
2024,217,md,R,0,0,0,35,28,7,0,0,35,19,9
2024,217,md,SUM,0,0,0,44,36,8,0,0,44,21,15
2024,217,wt,N,0,0,0,8,0,8,0,0,8,0,0
2024,217,wt,R,0,0,0,89,46,42,0,3,86,22,25
2024,217,wt,SUM,0,0,0,97,46,51,0,3,94,22,25
2024,240,all_deer,N,0,0,0,44,37,7,0,2,43,16,21
2024,240,all_deer,R,0,0,0,863,658,205,0,61,796,205,450
2024,240,all_deer,SUM,0,0,0,907,695,213,0,63,839,220,471
2024,240,md,N,0,0,0,18,18,0,0,0,18,11,8
2024,240,md,R,0,0,0,113,113,0,0,0,113,50,64
2024,240,md,SUM,0,0,0,132,132,0,0,0,132,60,72
2024,240,wt,N,0,0,0,26,18,7,0,2,24,5,13
2024,240,wt,R,0,0,0,750,545,205,0,61,683,155,387
2024,240,wt,SUM,0,0,0,776,563,213,0,63,707,161,400
2024,250,all_deer,N,0,0,0,1,1,0,0,0,1,0,1
2024,250,all_deer,R,0,0,0,171,152,19,0,4,167,50,103
2024,250,all_deer,SUM,0,0,0,172,153,19,0,4,168,50,104
2024,250,md,N,0,0,0,1,1,0,0,0,1,0,1
2024,250,md,R,0,0,0,16,16,0,0,0,16,3,13
2024,250,md,SUM,0,0,0,17,17,0,0,0,17,3,14
2024,250,wt,N,0,0,0,0,0,0,0,0,0,0,0
2024,250,wt,R,0,0,0,155,136,19,0,4,151,46,90
2024,250,wt,SUM,0,0,0,155,136,19,0,4,151,46,90
2024,260,all_deer,N,0,0,0,28,6,22,0,24,4,3,3
2024,260,all_deer,R,0,0,0,715,235,480,0,565,146,67,168
2024,260,all_deer,SUM,0,0,0,743,240,502,0,588,151,69,171
2024,260,md,N,0,0,0,3,3,0,0,0,3,3,0
2024,260,md,R,0,0,0,4,4,0,0,0,4,0,4
2024,260,md,SUM,0,0,0,6,6,0,0,0,6,3,4
2024,260,wt,N,0,0,0,25,3,22,0,24,2,0,3
2024,260,wt,R,0,0,0,711,231,480,0,565,143,67,164
2024,260,wt,SUM,0,0,0,736,234,502,0,588,144,67,167
2024,261,all_deer,N,0,0,0,11,8,3,0,2,10,3,5
2024,261,all_deer,R,0,0,0,136,104,32,0,29,106,28,76
2024,261,all_deer,SUM,0,0,0,147,112,35,0,31,116,30,81
2024,261,md,N,0,0,0,7,5,2,0,2,5,3,3
2024,261,md,R,0,0,0,8,7,1,0,0,8,0,7
2024,261,md,SUM,0,0,0,15,12,3,0,2,14,3,10
2024,261,wt,N,0,0,0,4,3,2,0,0,4,0,3
2024,261,wt,R,0,0,0,127,97,31,0,29,98,28,69
2024,261,wt,SUM,0,0,0,132,99,33,0,29,102,28,71
2024,262,all_deer,N,0,0,0,16,8,8,0,0,16,3,5
2024,262,all_deer,R,0,0,0,436,239,197,0,113,304,92,144
2024,262,all_deer,SUM,0,0,0,452,247,205,0,113,320,94,149
2024,262,md,N,0,0,0,0,0,0,0,0,0,0,0
2024,262,md,R,0,0,0,47,15,32,0,22,23,6,9
2024,262,md,SUM,0,0,0,47,15,32,0,22,23,6,9
2024,262,wt,N,0,0,0,16,8,8,0,0,16,3,5
2024,262,wt,R,0,0,0,389,224,165,0,91,281,85,135
2024,262,wt,SUM,0,0,0,405,232,173,0,91,296,88,140
2024,270,all_deer,N,0,0,0,53,42,12,0,5,48,13,29
2024,270,all_deer,R,0,0,0,441,354,87,0,29,409,123,231
2024,270,all_deer,SUM,0,0,0,495,396,99,0,34,457,136,260
2024,270,md,N,0,0,0,14,13,1,0,4,10,5,8
2024,270,md,R,0,0,0,66,54,12,0,4,62,12,42
2024,270,md,SUM,0,0,0,80,67,13,0,8,73,17,50
2024,270,wt,N,0,0,0,39,29,11,0,2,38,8,21
2024,270,wt,R,0,0,0,375,300,75,0,25,347,111,189
2024,270,wt,SUM,0,0,0,414,329,86,0,27,385,119,210
2024,280,all_deer,N,0,0,0,0,0,0,0,0,0,0,0
2024,280,all_deer,R,0,0,0,37,37,0,0,0,37,19,19
2024,280,all_deer,SUM,0,0,0,37,37,0,0,0,37,19,19
2024,280,md,N,0,0,0,0,0,0,0,0,0,0,0
2024,280,md,R,0,0,0,12,12,0,0,0,12,6,6
2024,280,md,SUM,0,0,0,12,12,0,0,0,12,6,6
2024,280,wt,N,0,0,0,0,0,0,0,0,0,0,0
2024,280,wt,R,0,0,0,25,25,0,0,0,25,12,12
2024,280,wt,SUM,0,0,0,25,25,0,0,0,25,12,12
2024,281,all_deer,N,0,0,0,29,24,5,0,8,21,16,8
2024,281,all_deer,R,0,0,0,325,309,16,0,6,319,102,207
2024,281,all_deer,SUM,0,0,0,354,333,21,0,14,340,118,215
2024,281,md,N,0,0,0,13,11,3,0,5,8,8,3
2024,281,md,R,0,0,0,62,62,0,0,3,59,19,43
2024,281,md,SUM,0,0,0,75,72,3,0,8,67,26,46
2024,281,wt,N,0,0,0,16,13,3,0,3,13,8,5
2024,281,wt,R,0,0,0,264,247,16,0,3,260,84,164
2024,281,wt,SUM,0,0,0,279,260,19,0,6,274,91,169
2024,282,all_deer,N,0,0,0,0,0,0,0,0,0,0,0
2024,282,all_deer,R,0,0,0,95,81,14,0,0,92,29,52
2024,282,all_deer,SUM,0,0,0,95,81,14,0,0,92,29,52
2024,282,md,N,0,0,0,0,0,0,0,0,0,0,0
2024,282,md,R,0,0,0,11,11,0,0,0,11,9,1
2024,282,md,SUM,0,0,0,11,11,0,0,0,11,9,1
2024,282,wt,N,0,0,0,0,0,0,0,0,0,0,0
2024,282,wt,R,0,0,0,85,71,14,0,0,82,20,51
2024,282,wt,SUM,0,0,0,85,71,14,0,0,82,20,51
2024,284,all_deer,N,0,0,0,11,5,5,0,3,8,3,3
2024,284,all_deer,R,0,0,0,28,28,0,0,12,15,12,12
2024,284,all_deer,SUM,0,0,0,38,33,5,0,15,23,15,15
2024,284,md,N,0,0,0,0,0,0,0,0,0,0,0
2024,284,md,R,0,0,0,3,3,0,0,0,3,3,0
2024,284,md,SUM,0,0,0,3,3,0,0,0,3,3,0
2024,284,wt,N,0,0,0,11,5,5,0,3,8,3,3
2024,284,wt,R,0,0,0,25,25,0,0,12,12,9,12
2024,284,wt,SUM,0,0,0,35,30,5,0,15,20,12,15
2024,285,all_deer,N,0,0,0,44,39,5,0,0,44,16,24
2024,285,all_deer,R,0,0,0,938,836,102,0,19,910,351,485
2024,285,all_deer,SUM,0,0,0,982,875,107,0,19,954,367,508
2024,285,md,N,0,0,0,5,5,0,0,0,5,3,3
2024,285,md,R,0,0,0,104,99,5,0,3,101,34,65
2024,285,md,SUM,0,0,0,109,104,5,0,3,106,37,68
2024,285,wt,N,0,0,0,39,34,5,0,0,39,13,21
2024,285,wt,R,0,0,0,834,737,97,0,16,809,317,420
2024,285,wt,SUM,0,0,0,872,771,102,0,16,848,330,441
2024,290,all_deer,N,0,0,0,9,5,4,0,2,7,5,0
2024,290,all_deer,R,0,0,0,61,33,28,0,30,31,9,24
2024,290,all_deer,SUM,0,0,0,70,38,32,0,31,39,15,24
2024,290,md,N,0,0,0,3,3,0,0,0,3,3,0
2024,290,md,R,0,0,0,6,6,0,0,3,3,0,6
2024,290,md,SUM,0,0,0,9,9,0,0,3,6,3,6
2024,290,wt,N,0,0,0,6,3,4,0,2,5,3,0
2024,290,wt,R,0,0,0,55,27,28,0,27,28,9,17
2024,290,wt,SUM,0,0,0,61,29,32,0,28,33,12,17
2024,291,all_deer,N,0,0,0,7,6,1,0,0,7,3,4
2024,291,all_deer,R,0,0,0,87,81,6,0,0,87,21,60
2024,291,all_deer,SUM,0,0,0,94,87,7,0,0,94,23,64
2024,291,md,N,0,0,0,4,4,0,0,0,4,3,1
2024,291,md,R,0,0,0,56,50,6,0,0,56,11,39
2024,291,md,SUM,0,0,0,60,54,6,0,0,60,14,40
2024,291,wt,N,0,0,0,4,3,1,0,0,4,0,3
2024,291,wt,R,0,0,0,31,31,0,0,0,31,9,22
2024,291,wt,SUM,0,0,0,35,34,1,0,0,35,9,24
2024,292,all_deer,N,0,0,0,31,29,3,0,0,31,11,18
2024,292,all_deer,R,0,0,0,523,463,60,0,8,514,213,249
2024,292,all_deer,SUM,0,0,0,554,492,62,0,8,546,224,268
2024,292,md,N,0,0,0,18,18,0,0,0,18,11,8
2024,292,md,R,0,0,0,216,216,0,0,6,210,99,118
2024,292,md,SUM,0,0,0,235,235,0,0,6,229,109,125
2024,292,wt,N,0,0,0,13,11,3,0,0,13,0,11
2024,292,wt,R,0,0,0,306,246,60,0,2,304,114,132
2024,292,wt,SUM,0,0,0,319,257,62,0,2,317,114,142
2024,293,all_deer,N,0,0,0,18,18,0,0,0,18,3,15
2024,293,all_deer,R,0,0,0,145,145,0,0,3,142,50,96
2024,293,all_deer,SUM,0,0,0,163,163,0,0,3,160,52,111
2024,293,md,N,0,0,0,8,8,0,0,0,8,3,5
2024,293,md,R,0,0,0,53,53,0,0,0,53,28,25
2024,293,md,SUM,0,0,0,60,60,0,0,0,60,30,30
2024,293,wt,N,0,0,0,10,10,0,0,0,10,0,10
2024,293,wt,R,0,0,0,93,93,0,0,3,90,22,71
2024,293,wt,SUM,0,0,0,103,103,0,0,3,99,22,81
2024,298,all_deer,N,0,0,0,0,0,0,0,0,0,0,0
2024,298,all_deer,R,0,0,0,62,59,3,0,3,59,19,40
2024,298,all_deer,SUM,0,0,0,62,59,3,0,3,59,19,40
2024,298,md,N,0,0,0,0,0,0,0,0,0,0,0
2024,298,md,R,0,0,0,28,28,0,0,0,28,12,16
2024,298,md,SUM,0,0,0,28,28,0,0,0,28,12,16
2024,298,wt,N,0,0,0,0,0,0,0,0,0,0,0
2024,298,wt,R,0,0,0,34,31,3,0,3,31,6,25
2024,298,wt,SUM,0,0,0,34,31,3,0,3,31,6,25
2024,2XX,all_deer,N,0,0,0,10,5,5,0,0,10,5,0
2024,2XX,all_deer,R,0,0,0,70,50,21,0,3,67,28,19
2024,2XX,all_deer,SUM,0,0,0,80,55,26,0,3,77,33,19
2024,2XX,md,N,0,0,0,4,3,2,0,0,4,3,0
2024,2XX,md,R,0,0,0,6,6,0,0,0,6,6,0
2024,2XX,md,SUM,0,0,0,10,9,2,0,0,10,9,0
2024,2XX,wt,N,0,0,0,6,3,3,0,0,6,3,0
2024,2XX,wt,R,0,0,0,64,43,21,0,3,61,22,19
2024,2XX,wt,SUM,0,0,0,70,46,24,0,3,67,24,19
2024,301,all_deer,N,0,0,0,29,21,8,0,5,24,8,13
2024,301,all_deer,R,0,0,0,272,214,58,0,32,240,59,152
2024,301,all_deer,SUM,0,0,0,301,235,66,0,37,264,67,165
2024,301,md,N,0,0,0,16,13,3,0,5,11,5,8
2024,301,md,R,0,0,0,84,80,3,0,6,77,28,50
2024,301,md,SUM,0,0,0,99,94,6,0,11,88,33,57
2024,301,wt,N,0,0,0,13,8,6,0,0,13,3,5
2024,301,wt,R,0,0,0,188,134,55,0,26,163,31,103
2024,301,wt,SUM,0,0,0,202,142,60,0,26,176,34,108
2024,302,all_deer,N,0,0,0,50,39,11,0,0,50,24,16
2024,302,all_deer,R,0,0,0,165,101,61,4,9,156,59,42
2024,302,all_deer,SUM,0,0,0,215,140,72,4,9,206,82,58
2024,302,md,N,0,0,0,45,37,8,0,0,45,24,13
2024,302,md,R,0,0,0,149,91,58,0,9,140,53,39
2024,302,md,SUM,0,0,0,194,128,66,0,9,184,76,52
2024,302,wt,N,0,0,0,5,3,3,0,0,5,0,3
2024,302,wt,R,0,0,0,16,9,3,4,0,16,6,3
2024,302,wt,SUM,0,0,0,22,12,6,4,0,22,6,6
2024,303,all_deer,N,0,0,0,20,15,5,0,0,20,8,7
2024,303,all_deer,R,0,0,0,47,25,22,0,0,41,8,17
2024,303,all_deer,SUM,0,0,0,67,40,27,0,0,61,16,25
2024,303,md,N,0,0,0,15,10,5,0,0,15,8,2
2024,303,md,R,0,0,0,35,16,19,0,0,32,8,8
2024,303,md,SUM,0,0,0,50,26,24,0,0,47,16,10
2024,303,wt,N,0,0,0,5,5,0,0,0,5,0,5
2024,303,wt,R,0,0,0,12,9,3,0,0,9,0,9
2024,303,wt,SUM,0,0,0,18,15,3,0,0,15,0,15
2024,304,all_deer,N,0,0,0,21,18,3,0,0,21,3,16
2024,304,all_deer,R,0,0,0,167,130,37,0,11,153,46,83
2024,304,all_deer,SUM,0,0,0,188,148,40,0,11,174,49,99
2024,304,md,N,0,0,0,8,8,0,0,0,8,0,8
2024,304,md,R,0,0,0,96,86,9,0,3,93,40,46
2024,304,md,SUM,0,0,0,103,94,9,0,3,100,40,54
2024,304,wt,N,0,0,0,13,11,3,0,0,13,3,8
2024,304,wt,R,0,0,0,71,43,28,0,8,60,6,37
2024,304,wt,SUM,0,0,0,85,54,31,0,8,74,9,45
2024,309,all_deer,N,0,0,0,36,21,15,0,1,35,5,16
2024,309,all_deer,R,0,0,0,409,255,154,0,70,317,45,210
2024,309,all_deer,SUM,0,0,0,445,276,169,0,72,351,50,226
2024,309,md,N,0,0,0,11,11,0,0,0,11,0,11
2024,309,md,R,0,0,0,29,29,0,0,3,26,14,16
2024,309,md,SUM,0,0,0,40,40,0,0,3,37,14,26
2024,309,wt,N,0,0,0,25,11,15,0,1,24,5,5
2024,309,wt,R,0,0,0,380,226,154,0,67,291,31,195
2024,309,wt,SUM,0,0,0,405,236,169,0,69,315,36,200
2024,310,all_deer,N,0,0,0,8,5,0,3,5,3,3,3
2024,310,all_deer,R,0,0,0,52,40,12,0,9,43,19,22
2024,310,all_deer,SUM,0,0,0,60,45,12,3,15,45,21,24
2024,310,md,N,0,0,0,8,5,0,3,5,3,3,3
2024,310,md,R,0,0,0,31,25,6,0,9,22,9,16
2024,310,md,SUM,0,0,0,39,30,6,3,15,24,12,18
2024,310,wt,N,0,0,0,0,0,0,0,0,0,0,0
2024,310,wt,R,0,0,0,21,16,6,0,0,21,9,6
2024,310,wt,SUM,0,0,0,21,16,6,0,0,21,9,6
2024,311,all_deer,N,0,0,0,68,47,21,0,0,68,11,37
2024,311,all_deer,R,0,0,0,1019,593,423,3,47,957,164,430
2024,311,all_deer,SUM,0,0,0,1087,641,443,3,47,1025,174,466
2024,311,md,N,0,0,0,34,31,3,0,0,34,5,26
2024,311,md,R,0,0,0,360,297,63,0,5,349,124,173
2024,311,md,SUM,0,0,0,395,328,66,0,5,383,129,199
2024,311,wt,N,0,0,0,33,16,18,0,0,33,5,11
2024,311,wt,R,0,0,0,659,297,359,3,41,608,40,257
2024,311,wt,SUM,0,0,0,692,312,377,3,41,642,45,267
2024,312,all_deer,N,0,0,0,33,24,10,0,3,28,13,11
2024,312,all_deer,R,0,0,0,672,467,205,0,55,614,96,371
2024,312,all_deer,SUM,0,0,0,705,491,215,0,58,642,109,382
2024,312,md,N,0,0,0,18,16,3,0,0,16,13,3
2024,312,md,R,0,0,0,152,136,16,0,5,147,46,90
2024,312,md,SUM,0,0,0,171,152,19,0,5,163,60,93
2024,312,wt,N,0,0,0,15,8,7,0,3,12,0,8
2024,312,wt,R,0,0,0,520,331,189,0,50,467,50,281
2024,312,wt,SUM,0,0,0,535,339,196,0,53,479,50,289
2024,313,all_deer,N,0,0,0,89,89,0,0,3,87,29,60
2024,313,all_deer,R,0,0,0,168,151,17,0,3,165,73,77
2024,313,all_deer,SUM,0,0,0,257,240,17,0,6,251,102,138
2024,313,md,N,0,0,0,87,87,0,0,3,84,29,58
2024,313,md,R,0,0,0,147,138,9,0,3,144,70,68
2024,313,md,SUM,0,0,0,233,225,9,0,6,228,99,126
2024,313,wt,N,0,0,0,3,3,0,0,0,3,0,3
2024,313,wt,R,0,0,0,21,12,9,0,0,21,3,9
2024,313,wt,SUM,0,0,0,24,15,9,0,0,24,3,12
2024,314,all_deer,N,0,0,0,111,99,12,0,3,108,15,84
2024,314,all_deer,R,0,0,0,462,345,117,0,31,431,145,200
2024,314,all_deer,SUM,0,0,0,573,444,129,0,34,539,160,284
2024,314,md,N,0,0,0,73,68,4,0,0,73,11,58
2024,314,md,R,0,0,0,262,240,23,0,13,250,105,135
2024,314,md,SUM,0,0,0,335,308,27,0,13,322,115,193
2024,314,wt,N,0,0,0,39,31,8,0,3,36,5,26
2024,314,wt,R,0,0,0,199,105,95,0,18,181,40,65
2024,314,wt,SUM,0,0,0,238,136,102,0,21,217,45,91
2024,315,all_deer,N,0,0,0,77,49,28,0,10,67,23,26
2024,315,all_deer,R,0,0,0,625,389,227,9,38,584,142,247
2024,315,all_deer,SUM,0,0,0,702,438,255,9,48,651,165,273
2024,315,md,N,0,0,0,52,44,8,0,5,46,18,26
2024,315,md,R,0,0,0,269,229,41,0,17,250,105,123
2024,315,md,SUM,0,0,0,321,272,49,0,22,296,123,150
2024,315,wt,N,0,0,0,25,5,20,0,4,21,5,0
2024,315,wt,R,0,0,0,356,161,186,9,22,334,37,123
2024,315,wt,SUM,0,0,0,381,166,206,9,26,355,42,123
2024,316,all_deer,N,0,0,0,11,8,3,0,0,11,3,5
2024,316,all_deer,R,0,0,0,37,34,3,0,0,37,22,12
2024,316,all_deer,SUM,0,0,0,48,42,6,0,0,48,24,18
2024,316,md,N,0,0,0,8,8,0,0,0,8,3,5
2024,316,md,R,0,0,0,34,31,3,0,0,34,22,9
2024,316,md,SUM,0,0,0,42,39,3,0,0,42,24,15
2024,316,wt,N,0,0,0,3,0,3,0,0,3,0,0
2024,316,wt,R,0,0,0,3,3,0,0,0,3,0,3
2024,316,wt,SUM,0,0,0,6,3,3,0,0,6,0,3
2024,317,all_deer,N,0,0,0,87,76,10,0,3,84,21,55
2024,317,all_deer,R,0,0,0,549,325,222,3,23,520,73,252
2024,317,all_deer,SUM,0,0,0,636,401,232,3,26,604,94,307
2024,317,md,N,0,0,0,43,40,3,0,0,43,18,21
2024,317,md,R,0,0,0,141,116,26,0,8,133,39,77
2024,317,md,SUM,0,0,0,184,155,29,0,8,176,57,98
2024,317,wt,N,0,0,0,44,37,7,0,3,41,3,34
2024,317,wt,R,0,0,0,408,209,196,3,15,387,34,175
2024,317,wt,SUM,0,0,0,451,246,203,3,18,428,37,209
2024,318,all_deer,N,0,0,0,13,11,3,0,5,8,5,5
2024,318,all_deer,R,0,0,0,149,127,23,0,12,137,105,21
2024,318,all_deer,SUM,0,0,0,162,137,26,0,18,145,110,27
2024,318,md,N,0,0,0,11,11,0,0,3,8,5,5
2024,318,md,R,0,0,0,141,123,17,0,12,128,102,21
2024,318,md,SUM,0,0,0,151,134,17,0,15,136,107,27
2024,318,wt,N,0,0,0,3,0,3,0,3,0,0,0
2024,318,wt,R,0,0,0,9,3,6,0,0,9,3,0
2024,318,wt,SUM,0,0,0,12,3,8,0,3,9,3,0
2024,319,all_deer,N,0,0,0,25,14,11,0,2,24,6,8
2024,319,all_deer,R,0,0,0,127,100,27,0,6,121,48,52
2024,319,all_deer,SUM,0,0,0,152,114,38,0,7,145,54,60
2024,319,md,N,0,0,0,12,9,3,0,2,10,3,6
2024,319,md,R,0,0,0,82,73,9,0,0,82,39,34
2024,319,md,SUM,0,0,0,94,82,12,0,2,92,42,40
2024,319,wt,N,0,0,0,14,5,8,0,0,14,3,3
2024,319,wt,R,0,0,0,44,27,18,0,6,39,9,17
2024,319,wt,SUM,0,0,0,58,32,26,0,6,52,12,20
2024,320,all_deer,N,0,0,0,175,105,70,0,8,167,26,79
2024,320,all_deer,R,0,0,0,1204,688,505,10,57,1123,266,420
2024,320,all_deer,SUM,0,0,0,1378,793,575,10,65,1289,292,498
2024,320,md,N,0,0,0,71,55,16,0,5,66,21,34
2024,320,md,R,0,0,0,310,248,62,0,16,291,118,131
2024,320,md,SUM,0,0,0,381,303,78,0,21,357,138,165
2024,320,wt,N,0,0,0,104,50,54,0,3,101,5,45
2024,320,wt,R,0,0,0,893,440,443,10,41,832,148,289
2024,320,wt,SUM,0,0,0,997,490,497,10,43,933,153,334
2024,321,all_deer,N,0,0,0,18,18,0,0,3,16,5,13
2024,321,all_deer,R,0,0,0,92,50,43,0,16,77,25,25
2024,321,all_deer,SUM,0,0,0,110,68,43,0,18,92,30,38
2024,321,md,N,0,0,0,16,16,0,0,3,13,3,13
2024,321,md,R,0,0,0,50,31,19,0,16,34,16,16
2024,321,md,SUM,0,0,0,65,47,19,0,18,47,18,29
2024,321,wt,N,0,0,0,3,3,0,0,0,3,3,0
2024,321,wt,R,0,0,0,43,19,24,0,0,43,9,9
2024,321,wt,SUM,0,0,0,45,21,24,0,0,45,12,9
2024,322,all_deer,N,0,0,0,131,96,34,0,3,128,41,55
2024,322,all_deer,R,0,0,0,638,350,285,3,39,596,114,236
2024,322,all_deer,SUM,0,0,0,769,446,319,3,42,724,156,291
2024,322,md,N,0,0,0,71,55,16,0,3,68,29,26
2024,322,md,R,0,0,0,267,168,97,3,12,255,84,84
2024,322,md,SUM,0,0,0,338,223,112,3,15,323,112,110
2024,322,wt,N,0,0,0,60,41,19,0,0,60,12,29
2024,322,wt,R,0,0,0,371,182,188,0,27,341,31,152
2024,322,wt,SUM,0,0,0,431,224,207,0,27,401,43,180
2024,323,all_deer,N,0,0,0,259,178,81,0,20,238,78,100
2024,323,all_deer,R,0,0,0,459,267,192,0,15,443,111,156
2024,323,all_deer,SUM,0,0,0,717,445,273,0,36,682,189,256
2024,323,md,N,0,0,0,185,143,42,0,13,172,62,81
2024,323,md,R,0,0,0,288,190,99,0,9,279,89,100
2024,323,md,SUM,0,0,0,474,333,141,0,22,451,152,182
2024,323,wt,N,0,0,0,73,34,39,0,7,66,16,18
2024,323,wt,R,0,0,0,170,77,93,0,6,164,22,56
2024,323,wt,SUM,0,0,0,243,111,132,0,13,230,37,74
2024,324,all_deer,N,0,0,0,132,84,48,0,0,132,37,47
2024,324,all_deer,R,0,0,0,438,251,187,0,24,410,96,155
2024,324,all_deer,SUM,0,0,0,570,335,235,0,24,542,132,203
2024,324,md,N,0,0,0,92,66,26,0,0,92,34,31
2024,324,md,R,0,0,0,203,139,64,0,3,200,86,53
2024,324,md,SUM,0,0,0,295,204,91,0,3,292,120,84
2024,324,wt,N,0,0,0,40,18,22,0,0,40,3,16
2024,324,wt,R,0,0,0,235,112,123,0,21,210,9,103
2024,324,wt,SUM,0,0,0,275,130,144,0,21,250,12,119
2024,329,all_deer,N,0,0,0,37,21,16,0,5,31,11,11
2024,329,all_deer,R,0,0,0,163,118,45,0,19,139,71,47
2024,329,all_deer,SUM,0,0,0,200,139,61,0,24,170,82,58
2024,329,md,N,0,0,0,34,21,13,0,5,29,11,11
2024,329,md,R,0,0,0,126,103,23,0,19,105,68,35
2024,329,md,SUM,0,0,0,160,124,37,0,24,133,79,45
2024,329,wt,N,0,0,0,3,0,3,0,0,3,0,0
2024,329,wt,R,0,0,0,37,16,22,0,0,34,3,12
2024,329,wt,SUM,0,0,0,40,16,24,0,0,37,3,12
2024,331,all_deer,N,0,0,0,177,142,36,0,5,172,60,81
2024,331,all_deer,R,0,0,0,499,309,178,12,20,476,142,164
2024,331,all_deer,SUM,0,0,0,677,451,214,12,25,648,203,245
2024,331,md,N,0,0,0,131,118,13,0,5,126,60,58
2024,331,md,R,0,0,0,350,241,96,12,9,340,127,111
2024,331,md,SUM,0,0,0,481,359,109,12,15,466,187,169
2024,331,wt,N,0,0,0,46,24,23,0,0,46,0,24
2024,331,wt,R,0,0,0,150,68,82,0,11,136,16,53
2024,331,wt,SUM,0,0,0,196,92,105,0,11,182,16,76
2024,335,all_deer,N,0,0,0,42,39,3,0,0,42,29,11
2024,335,all_deer,R,0,0,0,276,238,38,0,21,252,148,90
2024,335,all_deer,SUM,0,0,0,318,277,41,0,21,294,177,100
2024,335,md,N,0,0,0,34,34,0,0,0,34,26,8
2024,335,md,R,0,0,0,210,191,18,0,18,191,139,53
2024,335,md,SUM,0,0,0,244,226,18,0,18,225,165,60
2024,335,wt,N,0,0,0,8,5,3,0,0,8,3,3
2024,335,wt,R,0,0,0,67,46,20,0,3,60,9,37
2024,335,wt,SUM,0,0,0,74,52,23,0,3,68,12,40
2024,339,all_deer,N,0,0,0,3,3,0,0,0,3,0,3
2024,339,all_deer,R,0,0,0,176,142,33,0,6,166,80,62
2024,339,all_deer,SUM,0,0,0,178,145,33,0,6,169,80,65
2024,339,md,N,0,0,0,3,3,0,0,0,3,0,3
2024,339,md,R,0,0,0,118,105,13,0,6,112,68,37
2024,339,md,SUM,0,0,0,121,108,13,0,6,115,68,40
2024,339,wt,N,0,0,0,0,0,0,0,0,0,0,0
2024,339,wt,R,0,0,0,57,37,20,0,0,54,12,25
2024,339,wt,SUM,0,0,0,57,37,20,0,0,54,12,25
2024,340,all_deer,N,0,0,0,99,76,23,0,0,99,29,47
2024,340,all_deer,R,0,0,0,582,367,215,0,32,547,118,250
2024,340,all_deer,SUM,0,0,0,681,443,238,0,32,646,146,297
2024,340,md,N,0,0,0,59,55,4,0,0,59,29,26
2024,340,md,R,0,0,0,248,188,60,0,12,236,87,101
2024,340,md,SUM,0,0,0,307,243,64,0,12,295,115,127
2024,340,wt,N,0,0,0,40,21,19,0,0,40,0,21
2024,340,wt,R,0,0,0,334,179,155,0,19,312,31,148
2024,340,wt,SUM,0,0,0,374,200,173,0,19,351,31,169
2024,343,all_deer,N,0,0,0,20,16,4,0,3,17,8,8
2024,343,all_deer,R,0,0,0,238,204,34,0,16,223,121,84
2024,343,all_deer,SUM,0,0,0,258,220,38,0,18,240,128,91
2024,343,md,N,0,0,0,14,13,1,0,3,12,8,5
2024,343,md,R,0,0,0,187,182,5,0,12,175,108,74
2024,343,md,SUM,0,0,0,201,196,6,0,15,186,116,79
2024,343,wt,N,0,0,0,5,3,3,0,0,5,0,3
2024,343,wt,R,0,0,0,51,22,29,0,3,48,12,9
2024,343,wt,SUM,0,0,0,57,24,32,0,3,53,12,12
2024,350,all_deer,N,0,0,0,21,18,3,0,0,21,8,11
2024,350,all_deer,R,0,0,0,177,133,44,0,2,173,65,68
2024,350,all_deer,SUM,0,0,0,198,151,47,0,2,195,73,78
2024,350,md,N,0,0,0,13,13,0,0,0,13,8,5
2024,350,md,R,0,0,0,111,96,16,0,2,110,62,34
2024,350,md,SUM,0,0,0,125,109,16,0,2,123,70,39
2024,350,wt,N,0,0,0,8,5,3,0,0,8,0,5
2024,350,wt,R,0,0,0,66,37,29,0,0,64,3,34
2024,350,wt,SUM,0,0,0,74,42,31,0,0,72,3,39
2024,360,all_deer,N,0,0,0,113,87,27,0,0,108,31,55
2024,360,all_deer,R,0,0,0,367,260,101,7,12,346,102,158
2024,360,all_deer,SUM,0,0,0,481,346,128,7,12,454,134,213
2024,360,md,N,0,0,0,63,63,0,0,0,63,18,45
2024,360,md,R,0,0,0,158,145,9,3,12,139,68,77
2024,360,md,SUM,0,0,0,221,208,9,3,12,202,86,122
2024,360,wt,N,0,0,0,50,24,27,0,0,45,13,11
2024,360,wt,R,0,0,0,210,114,92,4,0,207,34,80
2024,360,wt,SUM,0,0,0,260,138,118,4,0,252,47,91
2024,361,all_deer,N,0,0,0,13,13,0,0,0,13,5,8
2024,361,all_deer,R,0,0,0,19,19,0,0,0,19,9,9
2024,361,all_deer,SUM,0,0,0,32,32,0,0,0,32,15,17
2024,361,md,N,0,0,0,13,13,0,0,0,13,5,8
2024,361,md,R,0,0,0,16,16,0,0,0,16,9,6
2024,361,md,SUM,0,0,0,29,29,0,0,0,29,15,14
2024,361,wt,N,0,0,0,0,0,0,0,0,0,0,0
2024,361,wt,R,0,0,0,3,3,0,0,0,3,0,3
2024,361,wt,SUM,0,0,0,3,3,0,0,0,3,0,3
2024,370,all_deer,N,0,0,0,17,13,4,0,0,17,3,11
2024,370,all_deer,R,0,0,0,89,65,24,0,3,86,34,31
2024,370,all_deer,SUM,0,0,0,106,78,28,0,3,103,37,41
2024,370,md,N,0,0,0,12,11,1,0,0,12,3,8
2024,370,md,R,0,0,0,70,56,14,0,3,67,34,22
2024,370,md,SUM,0,0,0,81,66,15,0,3,78,37,30
2024,370,wt,N,0,0,0,5,3,3,0,0,5,0,3
2024,370,wt,R,0,0,0,19,9,10,0,0,19,0,9
2024,370,wt,SUM,0,0,0,25,12,13,0,0,25,0,12
2024,380,all_deer,N,0,0,0,53,48,6,0,0,53,12,36
2024,380,all_deer,R,0,0,0,761,600,162,0,36,712,228,369
2024,380,all_deer,SUM,0,0,0,814,647,167,0,36,766,240,405
2024,380,md,N,0,0,0,25,25,0,0,0,25,12,14
2024,380,md,R,0,0,0,346,311,35,0,6,337,148,163
2024,380,md,SUM,0,0,0,371,336,35,0,6,362,160,176
2024,380,wt,N,0,0,0,28,23,6,0,0,28,0,23
2024,380,wt,R,0,0,0,415,289,126,0,30,375,80,206
2024,380,wt,SUM,0,0,0,443,311,132,0,30,403,80,229
2024,388,all_deer,N,0,0,0,10,5,4,0,0,10,0,5
2024,388,all_deer,R,0,0,0,327,189,135,3,26,278,87,102
2024,388,all_deer,SUM,0,0,0,336,194,139,3,26,287,87,107
2024,388,md,N,0,0,0,7,5,1,0,0,7,0,5
2024,388,md,R,0,0,0,155,99,53,3,14,139,56,43
2024,388,md,SUM,0,0,0,161,104,54,3,14,145,56,49
2024,388,wt,N,0,0,0,3,0,3,0,0,3,0,0
2024,388,wt,R,0,0,0,172,90,82,0,12,139,31,59
2024,388,wt,SUM,0,0,0,175,90,85,0,12,142,31,59
2024,390,all_deer,N,0,0,0,13,8,5,0,3,11,0,8
2024,390,all_deer,R,0,0,0,261,188,74,0,15,244,91,97
2024,390,all_deer,SUM,0,0,0,275,196,79,0,18,254,91,104
2024,390,md,N,0,0,0,8,8,0,0,0,8,0,8
2024,390,md,R,0,0,0,139,120,19,0,6,133,71,50
2024,390,md,SUM,0,0,0,147,128,19,0,6,141,71,57
2024,390,wt,N,0,0,0,5,0,5,0,3,3,0,0
2024,390,wt,R,0,0,0,122,67,55,0,9,111,20,47
2024,390,wt,SUM,0,0,0,128,67,61,0,11,114,20,47
2024,391,all_deer,N,0,0,0,74,61,13,0,11,64,16,45
2024,391,all_deer,R,0,0,0,596,471,123,2,59,521,287,184
2024,391,all_deer,SUM,0,0,0,670,532,136,2,70,585,303,229
2024,391,md,N,0,0,0,42,34,8,0,5,37,13,21
2024,391,md,R,0,0,0,390,351,37,2,32,348,241,110
2024,391,md,SUM,0,0,0,432,385,45,2,38,384,254,131
2024,391,wt,N,0,0,0,32,27,5,0,5,27,3,24
2024,391,wt,R,0,0,0,206,121,86,0,27,173,46,74
2024,391,wt,SUM,0,0,0,238,147,91,0,32,200,49,98
2024,392,all_deer,N,0,0,0,22,21,1,0,2,20,8,13
2024,392,all_deer,R,0,0,0,201,171,30,0,10,187,110,61
2024,392,all_deer,SUM,0,0,0,223,192,31,0,12,208,118,74
2024,392,md,N,0,0,0,22,21,1,0,2,20,8,13
2024,392,md,R,0,0,0,189,168,22,0,10,176,107,61
2024,392,md,SUM,0,0,0,211,189,23,0,12,196,115,74
2024,392,wt,N,0,0,0,0,0,0,0,0,0,0,0
2024,392,wt,R,0,0,0,11,3,8,0,0,11,3,0
2024,392,wt,SUM,0,0,0,11,3,8,0,0,11,3,0
2024,393,all_deer,N,0,0,0,78,66,13,0,8,67,13,52
2024,393,all_deer,R,0,0,0,518,421,95,3,25,492,139,281
2024,393,all_deer,SUM,0,0,0,596,486,107,3,33,560,152,334
2024,393,md,N,0,0,0,46,42,4,0,0,43,11,31
2024,393,md,R,0,0,0,300,266,34,0,6,293,114,152
2024,393,md,SUM,0,0,0,345,308,37,0,6,336,125,183
2024,393,wt,N,0,0,0,33,24,9,0,8,25,3,21
2024,393,wt,R,0,0,0,218,155,61,3,19,199,25,130
2024,393,wt,SUM,0,0,0,251,178,70,3,27,224,27,151
2024,3XX,all_deer,N,0,0,0,66,34,32,0,5,61,8,26
2024,3XX,all_deer,R,0,0,0,99,59,41,0,6,90,22,37
2024,3XX,all_deer,SUM,0,0,0,165,93,73,0,11,151,30,63
2024,3XX,md,N,0,0,0,33,24,10,0,5,28,8,16
2024,3XX,md,R,0,0,0,31,22,9,0,3,28,16,6
2024,3XX,md,SUM,0,0,0,64,45,19,0,8,56,23,22
2024,3XX,wt,N,0,0,0,33,11,22,0,0,33,0,11
2024,3XX,wt,R,0,0,0,69,37,31,0,3,62,6,31
2024,3XX,wt,SUM,0,0,0,101,48,54,0,3,95,6,41
2024,400,all_deer,N,0,0,0,135,101,34,0,3,132,34,67
2024,400,all_deer,R,0,0,0,1059,667,386,6,35,1024,232,432
2024,400,all_deer,SUM,0,0,0,1194,768,420,6,38,1157,266,499
2024,400,md,N,0,0,0,105,87,18,0,0,105,31,56
2024,400,md,R,0,0,0,653,460,194,0,20,634,189,268
2024,400,md,SUM,0,0,0,759,547,212,0,20,739,220,324
2024,400,wt,N,0,0,0,30,14,16,0,3,27,3,12
2024,400,wt,R,0,0,0,406,207,193,6,16,390,43,164
2024,400,wt,SUM,0,0,0,435,221,208,6,18,417,46,175
2024,401,all_deer,N,0,0,0,107,70,37,0,5,102,15,55
2024,401,all_deer,R,0,0,0,608,441,167,0,3,605,122,318
2024,401,all_deer,SUM,0,0,0,715,511,204,0,8,707,138,374
2024,401,md,N,0,0,0,77,64,13,0,3,74,15,49
2024,401,md,R,0,0,0,366,293,73,0,0,366,99,194
2024,401,md,SUM,0,0,0,443,358,86,0,3,440,114,243
2024,401,wt,N,0,0,0,31,6,24,0,3,28,0,6
2024,401,wt,R,0,0,0,242,147,94,0,3,239,23,124
2024,401,wt,SUM,0,0,0,272,154,119,0,6,267,23,130
2024,403,all_deer,N,0,0,0,14,8,6,0,0,14,3,5
2024,403,all_deer,R,0,0,0,329,198,131,0,3,326,98,100
2024,403,all_deer,SUM,0,0,0,343,206,136,0,3,339,101,105
2024,403,md,N,0,0,0,8,5,3,0,0,8,3,3
2024,403,md,R,0,0,0,235,139,96,0,0,235,89,50
2024,403,md,SUM,0,0,0,243,144,99,0,0,243,92,53
2024,403,wt,N,0,0,0,5,3,3,0,0,5,0,3
2024,403,wt,R,0,0,0,94,59,35,0,3,91,9,50
2024,403,wt,SUM,0,0,0,99,62,37,0,3,96,9,53
2024,404,all_deer,N,0,0,0,115,78,37,0,3,112,23,55
2024,404,all_deer,R,0,0,0,1112,697,416,0,24,1079,225,472
2024,404,all_deer,SUM,0,0,0,1227,774,453,0,27,1191,247,527
2024,404,md,N,0,0,0,54,46,8,0,3,51,15,31
2024,404,md,R,0,0,0,599,400,199,0,3,596,148,252
2024,404,md,SUM,0,0,0,653,446,207,0,6,647,162,284
2024,404,wt,N,0,0,0,61,31,30,0,0,61,8,24
2024,404,wt,R,0,0,0,513,297,217,0,21,483,77,220
2024,404,wt,SUM,0,0,0,574,328,246,0,21,544,85,243
2024,405,all_deer,N,0,0,0,83,52,31,0,3,81,13,39
2024,405,all_deer,R,0,0,0,857,472,368,17,15,832,198,271
2024,405,all_deer,SUM,0,0,0,940,524,399,17,18,913,211,311
2024,405,md,N,0,0,0,71,47,24,0,3,68,13,34
2024,405,md,R,0,0,0,627,333,283,11,15,605,148,185
2024,405,md,SUM,0,0,0,698,380,307,11,18,674,161,219
2024,405,wt,N,0,0,0,13,5,7,0,0,13,0,5
2024,405,wt,R,0,0,0,230,139,85,6,0,227,50,86
2024,405,wt,SUM,0,0,0,242,144,92,6,0,239,50,92
2024,406,all_deer,N,0,0,0,81,34,47,0,0,81,5,29
2024,406,all_deer,R,0,0,0,524,320,201,3,9,515,100,217
2024,406,all_deer,SUM,0,0,0,605,354,248,3,9,596,105,246
2024,406,md,N,0,0,0,38,26,12,0,0,38,5,21
2024,406,md,R,0,0,0,259,170,89,0,3,256,64,106
2024,406,md,SUM,0,0,0,297,196,101,0,3,295,69,127
2024,406,wt,N,0,0,0,43,8,35,0,0,43,0,8
2024,406,wt,R,0,0,0,265,149,112,3,6,259,36,111
2024,406,wt,SUM,0,0,0,307,157,147,3,6,301,36,118
2024,410,all_deer,N,0,0,0,59,47,12,0,3,57,10,37
2024,410,all_deer,R,0,0,0,146,108,38,0,0,143,43,65
2024,410,all_deer,SUM,0,0,0,206,155,50,0,3,200,53,103
2024,410,md,N,0,0,0,22,22,0,0,0,22,7,15
2024,410,md,R,0,0,0,57,52,5,0,0,57,24,28
2024,410,md,SUM,0,0,0,79,74,5,0,0,79,32,43
2024,410,wt,N,0,0,0,38,26,12,0,3,35,3,23
2024,410,wt,R,0,0,0,89,56,34,0,0,86,19,37
2024,410,wt,SUM,0,0,0,127,81,46,0,3,121,21,60
2024,411,all_deer,N,0,0,0,258,193,65,0,5,253,34,159
2024,411,all_deer,R,0,0,0,1280,921,360,0,35,1239,240,681
2024,411,all_deer,SUM,0,0,0,1538,1114,425,0,41,1492,274,840
2024,411,md,N,0,0,0,126,126,0,0,0,126,26,100
2024,411,md,R,0,0,0,313,291,22,0,9,304,145,145
2024,411,md,SUM,0,0,0,439,416,22,0,9,429,172,245
2024,411,wt,N,0,0,0,133,68,65,0,5,127,8,60
2024,411,wt,R,0,0,0,967,630,337,0,26,935,94,536
2024,411,wt,SUM,0,0,0,1100,697,402,0,31,1062,102,595
2024,412,all_deer,N,0,0,0,246,178,68,0,0,246,58,121
2024,412,all_deer,R,0,0,0,639,485,154,0,20,616,114,370
2024,412,all_deer,SUM,0,0,0,885,663,222,0,20,862,172,491
2024,412,md,N,0,0,0,131,126,5,0,0,131,31,94
2024,412,md,R,0,0,0,230,210,20,0,0,230,77,133
2024,412,md,SUM,0,0,0,361,336,25,0,0,361,109,227
2024,412,wt,N,0,0,0,115,52,63,0,0,115,26,26
2024,412,wt,R,0,0,0,409,275,134,0,20,386,37,238
2024,412,wt,SUM,0,0,0,524,327,197,0,20,501,63,264
2024,413,all_deer,N,0,0,0,174,142,33,0,13,161,55,87
2024,413,all_deer,R,0,0,0,1486,1059,427,0,36,1444,346,713
2024,413,all_deer,SUM,0,0,0,1660,1200,460,0,49,1605,401,799
2024,413,md,N,0,0,0,117,115,2,0,5,112,47,68
2024,413,md,R,0,0,0,636,569,68,0,9,627,226,343
2024,413,md,SUM,0,0,0,754,684,70,0,15,739,273,411
2024,413,wt,N,0,0,0,57,26,31,0,8,49,8,18
2024,413,wt,R,0,0,0,850,490,360,0,27,817,121,370
2024,413,wt,SUM,0,0,0,907,516,390,0,35,866,128,388
2024,415,all_deer,N,0,0,0,8,8,0,0,0,8,0,8
2024,415,all_deer,R,0,0,0,24,16,9,0,0,24,6,9
2024,415,all_deer,SUM,0,0,0,32,23,9,0,0,32,6,17
2024,415,md,N,0,0,0,5,5,0,0,0,5,0,5
2024,415,md,R,0,0,0,12,9,3,0,0,12,3,6
2024,415,md,SUM,0,0,0,18,15,3,0,0,18,3,11
2024,415,wt,N,0,0,0,3,3,0,0,0,3,0,3
2024,415,wt,R,0,0,0,12,6,6,0,0,12,3,3
2024,415,wt,SUM,0,0,0,15,9,6,0,0,15,3,6
2024,416,all_deer,N,0,0,0,159,131,28,0,26,133,55,76
2024,416,all_deer,R,0,0,0,418,287,131,0,12,401,124,164
2024,416,all_deer,SUM,0,0,0,577,418,159,0,38,534,179,240
2024,416,md,N,0,0,0,118,115,3,0,26,92,55,60
2024,416,md,R,0,0,0,173,161,12,0,6,167,90,71
2024,416,md,SUM,0,0,0,291,276,15,0,32,259,145,131
2024,416,wt,N,0,0,0,41,16,26,0,0,41,0,16
2024,416,wt,R,0,0,0,245,127,119,0,6,235,34,93
2024,416,wt,SUM,0,0,0,287,143,144,0,6,276,34,109
2024,417,all_deer,N,0,0,0,42,39,3,0,0,42,10,30
2024,417,all_deer,R,0,0,0,96,81,16,0,0,96,17,64
2024,417,all_deer,SUM,0,0,0,138,120,18,0,0,138,27,93
2024,417,md,N,0,0,0,32,32,0,0,0,32,10,22
2024,417,md,R,0,0,0,42,39,3,0,0,42,11,28
2024,417,md,SUM,0,0,0,74,70,3,0,0,74,21,50
2024,417,wt,N,0,0,0,10,8,3,0,0,10,0,8
2024,417,wt,R,0,0,0,54,42,12,0,0,54,6,36
2024,417,wt,SUM,0,0,0,65,50,15,0,0,65,6,44
2024,418,all_deer,N,0,0,0,70,50,18,2,5,64,29,21
2024,418,all_deer,R,0,0,0,279,219,60,0,6,270,62,158
2024,418,all_deer,SUM,0,0,0,349,269,78,2,11,334,91,179
2024,418,md,N,0,0,0,42,42,0,0,3,39,29,13
2024,418,md,R,0,0,0,108,108,0,0,3,102,59,50
2024,418,md,SUM,0,0,0,150,150,0,0,6,141,87,63
2024,418,wt,N,0,0,0,28,8,18,2,3,25,0,8
2024,418,wt,R,0,0,0,171,111,60,0,3,168,3,108
2024,418,wt,SUM,0,0,0,199,119,78,2,6,193,3,116
2024,419,all_deer,N,0,0,0,142,110,32,0,3,140,21,89
2024,419,all_deer,R,0,0,0,445,355,90,0,6,434,71,284
2024,419,all_deer,SUM,0,0,0,588,465,122,0,9,574,92,373
2024,419,md,N,0,0,0,90,89,1,0,0,90,21,68
2024,419,md,R,0,0,0,226,201,25,0,6,220,50,152
2024,419,md,SUM,0,0,0,316,290,26,0,6,310,70,220
2024,419,wt,N,0,0,0,52,21,31,0,3,50,0,21
2024,419,wt,R,0,0,0,219,154,65,0,0,214,22,133
2024,419,wt,SUM,0,0,0,271,175,96,0,3,264,22,154
2024,420,all_deer,N,0,0,0,34,31,3,0,3,31,13,18
2024,420,all_deer,R,0,0,0,81,59,22,0,0,77,12,46
2024,420,all_deer,SUM,0,0,0,115,90,24,0,3,109,26,65
2024,420,md,N,0,0,0,34,31,3,0,3,31,13,18
2024,420,md,R,0,0,0,37,37,0,0,0,37,9,28
2024,420,md,SUM,0,0,0,71,69,3,0,3,69,22,46
2024,420,wt,N,0,0,0,0,0,0,0,0,0,0,0
2024,420,wt,R,0,0,0,43,22,22,0,0,40,3,19
2024,420,wt,SUM,0,0,0,43,22,22,0,0,40,3,19
2024,421,all_deer,N,0,0,0,68,58,10,0,3,65,11,47
2024,421,all_deer,R,0,0,0,753,546,204,3,20,732,174,373
2024,421,all_deer,SUM,0,0,0,820,604,213,3,23,797,184,420
2024,421,md,N,0,0,0,31,31,0,0,0,31,8,24
2024,421,md,R,0,0,0,381,320,61,0,6,375,111,209
2024,421,md,SUM,0,0,0,413,352,61,0,6,407,119,232
2024,421,wt,N,0,0,0,36,26,10,0,3,33,3,24
2024,421,wt,R,0,0,0,371,226,142,3,14,357,62,164
2024,421,wt,SUM,0,0,0,407,252,152,3,17,391,65,187
2024,422,all_deer,N,0,0,0,54,42,12,0,0,54,13,29
2024,422,all_deer,R,0,0,0,220,152,68,0,3,214,46,105
2024,422,all_deer,SUM,0,0,0,274,193,80,0,3,267,60,134
2024,422,md,N,0,0,0,29,29,0,0,0,29,11,18
2024,422,md,R,0,0,0,108,87,21,0,0,104,31,56
2024,422,md,SUM,0,0,0,136,115,21,0,0,133,41,74
2024,422,wt,N,0,0,0,25,13,12,0,0,25,3,11
2024,422,wt,R,0,0,0,112,65,47,0,3,109,16,50
2024,422,wt,SUM,0,0,0,137,78,59,0,3,134,18,60
2024,424,all_deer,N,0,0,0,24,24,0,0,0,24,5,18
2024,424,all_deer,R,0,0,0,28,16,12,0,3,22,9,6
2024,424,all_deer,SUM,0,0,0,51,39,12,0,3,45,15,25
2024,424,md,N,0,0,0,21,21,0,0,0,21,5,16
2024,424,md,R,0,0,0,16,16,0,0,0,16,9,6
2024,424,md,SUM,0,0,0,36,36,0,0,0,36,15,22
2024,424,wt,N,0,0,0,3,3,0,0,0,3,0,3
2024,424,wt,R,0,0,0,12,0,12,0,3,6,0,0
2024,424,wt,SUM,0,0,0,15,3,12,0,3,9,0,3
2024,425,all_deer,N,0,0,0,48,27,21,0,0,48,9,18
2024,425,all_deer,R,0,0,0,192,124,66,3,15,177,49,74
2024,425,all_deer,SUM,0,0,0,240,151,87,3,15,225,58,93
2024,425,md,N,0,0,0,22,17,5,0,0,22,6,11
2024,425,md,R,0,0,0,108,83,25,0,12,96,43,40
2024,425,md,SUM,0,0,0,130,100,30,0,12,118,49,51
2024,425,wt,N,0,0,0,26,11,15,0,0,26,3,8
2024,425,wt,R,0,0,0,85,40,41,3,3,82,6,34
2024,425,wt,SUM,0,0,0,110,51,57,3,3,108,9,42
2024,426,all_deer,N,0,0,0,178,151,27,0,3,176,50,102
2024,426,all_deer,R,0,0,0,449,414,36,0,3,447,120,294
2024,426,all_deer,SUM,0,0,0,627,565,63,0,5,622,170,395
2024,426,md,N,0,0,0,130,125,5,0,0,130,50,75
2024,426,md,R,0,0,0,368,352,16,0,0,368,108,244
2024,426,md,SUM,0,0,0,498,477,21,0,0,498,157,320
2024,426,wt,N,0,0,0,48,26,22,0,3,45,0,26
2024,426,wt,R,0,0,0,81,62,20,0,3,79,12,50
2024,426,wt,SUM,0,0,0,129,88,41,0,5,124,12,76
2024,441,all_deer,N,0,0,0,13,8,5,0,0,13,3,5
2024,441,all_deer,R,0,0,0,261,184,77,0,0,253,28,154
2024,441,all_deer,SUM,0,0,0,274,192,82,0,0,266,30,159
2024,441,md,N,0,0,0,5,3,3,0,0,5,0,3
2024,441,md,R,0,0,0,120,109,12,0,0,120,19,90
2024,441,md,SUM,0,0,0,125,111,14,0,0,125,19,93
2024,441,wt,N,0,0,0,8,5,3,0,0,8,3,3
2024,441,wt,R,0,0,0,141,76,66,0,0,132,9,63
2024,441,wt,SUM,0,0,0,149,81,68,0,0,140,12,66
2024,442,all_deer,N,0,0,0,29,24,5,0,0,29,5,18
2024,442,all_deer,R,0,0,0,87,59,29,0,3,81,28,31
2024,442,all_deer,SUM,0,0,0,116,82,34,0,3,110,33,49
2024,442,md,N,0,0,0,16,16,0,0,0,16,3,13
2024,442,md,R,0,0,0,22,19,3,0,0,22,16,3
2024,442,md,SUM,0,0,0,37,34,3,0,0,37,18,16
2024,442,wt,N,0,0,0,13,8,5,0,0,13,3,5
2024,442,wt,R,0,0,0,66,40,26,0,3,60,12,28
2024,442,wt,SUM,0,0,0,79,48,31,0,3,73,15,33
2024,444,all_deer,N,0,0,0,45,26,19,0,3,42,3,23
2024,444,all_deer,R,0,0,0,692,430,262,0,46,643,102,328
2024,444,all_deer,SUM,0,0,0,736,456,281,0,48,685,105,351
2024,444,md,N,0,0,0,1,0,1,0,0,1,0,0
2024,444,md,R,0,0,0,158,111,47,0,9,149,37,74
2024,444,md,SUM,0,0,0,159,111,48,0,9,150,37,74
2024,444,wt,N,0,0,0,43,26,18,0,3,41,3,23
2024,444,wt,R,0,0,0,534,319,215,0,37,494,65,254
2024,444,wt,SUM,0,0,0,577,344,233,0,39,535,67,277
2024,445,all_deer,N,0,0,0,125,66,60,0,0,125,24,42
2024,445,all_deer,R,0,0,0,901,535,357,9,18,877,185,340
2024,445,all_deer,SUM,0,0,0,1026,600,417,9,18,1002,209,382
2024,445,md,N,0,0,0,31,31,0,0,0,31,11,21
2024,445,md,R,0,0,0,287,269,18,0,3,284,114,152
2024,445,md,SUM,0,0,0,319,300,18,0,3,316,125,173
2024,445,wt,N,0,0,0,94,34,60,0,0,94,13,21
2024,445,wt,R,0,0,0,614,266,339,9,15,593,71,189
2024,445,wt,SUM,0,0,0,707,300,399,9,15,686,84,210
2024,446,all_deer,N,0,0,0,83,63,20,0,5,78,26,37
2024,446,all_deer,R,0,0,0,285,198,84,3,6,278,34,164
2024,446,all_deer,SUM,0,0,0,368,261,104,3,11,356,60,200
2024,446,md,N,0,0,0,50,47,3,0,3,47,26,21
2024,446,md,R,0,0,0,87,87,0,0,3,84,25,62
2024,446,md,SUM,0,0,0,136,134,3,0,6,131,51,83
2024,446,wt,N,0,0,0,33,16,18,0,3,31,0,16
2024,446,wt,R,0,0,0,198,111,84,3,3,195,9,102
2024,446,wt,SUM,0,0,0,231,127,102,3,6,226,9,118
2024,447,all_deer,N,0,0,0,129,94,35,0,5,124,31,63
2024,447,all_deer,R,0,0,0,974,795,177,3,23,948,182,612
2024,447,all_deer,SUM,0,0,0,1103,889,211,3,28,1072,214,675
2024,447,md,N,0,0,0,76,73,3,0,3,73,26,47
2024,447,md,R,0,0,0,505,475,30,0,8,497,127,348
2024,447,md,SUM,0,0,0,581,548,33,0,10,571,153,395
2024,447,wt,N,0,0,0,53,21,32,0,3,51,5,16
2024,447,wt,R,0,0,0,469,320,146,3,15,451,56,264
2024,447,wt,SUM,0,0,0,522,341,178,3,18,501,61,280
2024,448,all_deer,N,0,0,0,65,41,25,0,3,63,7,34
2024,448,all_deer,R,0,0,0,202,111,90,0,0,202,40,71
2024,448,all_deer,SUM,0,0,0,267,152,115,0,3,265,47,105
2024,448,md,N,0,0,0,47,37,10,0,3,44,5,31
2024,448,md,R,0,0,0,128,77,50,0,0,128,31,46
2024,448,md,SUM,0,0,0,174,114,60,0,3,172,36,78
2024,448,wt,N,0,0,0,19,4,15,0,0,19,2,3
2024,448,wt,R,0,0,0,74,34,40,0,0,74,9,25
2024,448,wt,SUM,0,0,0,93,38,55,0,0,93,11,27
2024,450,all_deer,N,0,0,0,36,26,10,0,0,36,13,13
2024,450,all_deer,R,0,0,0,218,147,71,0,3,212,31,116
2024,450,all_deer,SUM,0,0,0,254,173,81,0,3,248,44,129
2024,450,md,N,0,0,0,18,16,2,0,0,18,8,8
2024,450,md,R,0,0,0,97,73,24,0,0,94,16,57
2024,450,md,SUM,0,0,0,114,88,26,0,0,112,23,65
2024,450,wt,N,0,0,0,18,11,8,0,0,18,5,5
2024,450,wt,R,0,0,0,122,74,47,0,3,118,16,59
2024,450,wt,SUM,0,0,0,140,85,55,0,3,137,21,64
2024,451,all_deer,N,0,0,0,11,11,0,0,5,5,3,8
2024,451,all_deer,R,0,0,0,39,34,5,0,0,36,19,16
2024,451,all_deer,SUM,0,0,0,49,45,5,0,5,41,21,23
2024,451,md,N,0,0,0,8,8,0,0,3,5,3,5
2024,451,md,R,0,0,0,22,22,0,0,0,19,9,12
2024,451,md,SUM,0,0,0,30,30,0,0,3,24,12,18
2024,451,wt,N,0,0,0,3,3,0,0,3,0,0,3
2024,451,wt,R,0,0,0,17,12,5,0,0,17,9,3
2024,451,wt,SUM,0,0,0,20,15,5,0,3,17,9,6
2024,452,all_deer,N,0,0,0,131,105,27,0,3,129,45,60
2024,452,all_deer,R,0,0,0,219,164,56,0,8,209,62,102
2024,452,all_deer,SUM,0,0,0,351,269,82,0,11,337,106,162
2024,452,md,N,0,0,0,79,79,0,0,3,76,37,42
2024,452,md,R,0,0,0,133,127,6,0,3,130,56,71
2024,452,md,SUM,0,0,0,211,205,6,0,6,206,92,113
2024,452,wt,N,0,0,0,53,26,27,0,0,53,8,18
2024,452,wt,R,0,0,0,87,37,50,0,5,79,6,31
2024,452,wt,SUM,0,0,0,139,63,76,0,5,132,14,49
2024,455,all_deer,N,0,0,0,10,3,7,0,0,10,0,3
2024,455,all_deer,R,0,0,0,24,18,6,0,3,21,3,15
2024,455,all_deer,SUM,0,0,0,34,21,13,0,3,31,3,17
2024,455,md,N,0,0,0,0,0,0,0,0,0,0,0
2024,455,md,R,0,0,0,6,6,0,0,0,6,0,6
2024,455,md,SUM,0,0,0,6,6,0,0,0,6,0,6
2024,455,wt,N,0,0,0,10,3,7,0,0,10,0,3
2024,455,wt,R,0,0,0,17,11,6,0,3,14,3,8
2024,455,wt,SUM,0,0,0,27,14,13,0,3,24,3,11
2024,471,all_deer,N,0,0,0,75,67,9,0,0,73,16,51
2024,471,all_deer,R,0,0,0,436,385,50,0,3,433,148,237
2024,471,all_deer,SUM,0,0,0,511,452,59,0,3,505,164,288
2024,471,md,N,0,0,0,67,64,3,0,0,65,16,48
2024,471,md,R,0,0,0,354,324,31,0,3,351,139,185
2024,471,md,SUM,0,0,0,422,388,34,0,3,416,155,233
2024,471,wt,N,0,0,0,8,3,5,0,0,8,0,3
2024,471,wt,R,0,0,0,81,62,20,0,0,81,9,53
2024,471,wt,SUM,0,0,0,89,65,25,0,0,89,9,55
2024,4XX,all_deer,N,0,0,0,50,29,21,0,0,50,8,21
2024,4XX,all_deer,R,0,0,0,151,117,30,3,0,151,40,77
2024,4XX,all_deer,SUM,0,0,0,200,146,51,3,0,200,48,98
2024,4XX,md,N,0,0,0,21,18,3,0,0,21,5,13
2024,4XX,md,R,0,0,0,96,77,15,3,0,96,28,50
2024,4XX,md,SUM,0,0,0,117,96,18,3,0,117,33,63
2024,4XX,wt,N,0,0,0,29,11,18,0,0,29,3,8
2024,4XX,wt,R,0,0,0,55,40,15,0,0,55,12,28
2024,4XX,wt,SUM,0,0,0,84,51,33,0,0,84,15,36
2024,502,all_deer,N,0,0,0,35,26,9,0,0,35,8,18
2024,502,all_deer,R,0,0,0,807,614,193,0,39,765,213,396
2024,502,all_deer,SUM,0,0,0,842,640,202,0,39,800,221,414
2024,502,md,N,0,0,0,20,18,1,0,0,20,5,13
2024,502,md,R,0,0,0,486,416,70,0,10,473,161,250
2024,502,md,SUM,0,0,0,506,435,71,0,10,492,166,264
2024,502,wt,N,0,0,0,16,8,8,0,0,16,3,5
2024,502,wt,R,0,0,0,321,198,123,0,29,292,52,145
2024,502,wt,SUM,0,0,0,337,205,131,0,29,308,55,151
2024,515,all_deer,N,0,0,0,116,92,24,0,0,116,18,73
2024,515,all_deer,R,0,0,0,1007,821,176,9,9,992,349,472
2024,515,all_deer,SUM,0,0,0,1123,913,201,9,9,1107,368,545
2024,515,md,N,0,0,0,74,66,8,0,0,74,18,47
2024,515,md,R,0,0,0,645,583,59,3,3,636,284,298
2024,515,md,SUM,0,0,0,719,648,68,3,3,710,303,345
2024,515,wt,N,0,0,0,42,26,16,0,0,42,0,26
2024,515,wt,R,0,0,0,362,239,117,6,6,356,65,174
2024,515,wt,SUM,0,0,0,404,265,133,6,6,398,65,200
2024,525,all_deer,N,0,0,0,169,136,33,0,5,164,42,94
2024,525,all_deer,R,0,0,0,1030,673,354,3,19,1010,235,432
2024,525,all_deer,SUM,0,0,0,1199,809,387,3,25,1174,277,526
2024,525,md,N,0,0,0,69,68,1,0,0,69,29,39
2024,525,md,R,0,0,0,328,294,35,0,3,325,121,173
2024,525,md,SUM,0,0,0,398,362,36,0,3,395,149,212
2024,525,wt,N,0,0,0,100,68,32,0,5,94,13,55
2024,525,wt,R,0,0,0,702,379,320,3,16,685,114,259
2024,525,wt,SUM,0,0,0,801,447,351,3,22,780,128,314
2024,535,all_deer,N,0,0,0,111,90,22,0,6,105,14,76
2024,535,all_deer,R,0,0,0,498,372,122,4,24,471,92,280
2024,535,all_deer,SUM,0,0,0,609,462,143,4,30,576,106,356
2024,535,md,N,0,0,0,48,45,3,0,2,47,11,34
2024,535,md,R,0,0,0,216,192,25,0,5,211,64,127
2024,535,md,SUM,0,0,0,264,237,28,0,7,258,76,161
2024,535,wt,N,0,0,0,63,45,18,0,4,59,3,42
2024,535,wt,R,0,0,0,282,181,97,4,19,260,28,153
2024,535,wt,SUM,0,0,0,345,225,115,4,24,318,30,195
2024,540,all_deer,N,0,0,0,45,29,16,0,5,39,16,13
2024,540,all_deer,R,0,0,0,223,165,58,0,3,220,71,94
2024,540,all_deer,SUM,0,0,0,268,194,74,0,8,259,87,107
2024,540,md,N,0,0,0,16,16,0,0,0,16,13,3
2024,540,md,R,0,0,0,87,84,3,0,3,84,46,37
2024,540,md,SUM,0,0,0,102,99,3,0,3,99,60,40
2024,540,wt,N,0,0,0,29,13,16,0,5,24,3,11
2024,540,wt,R,0,0,0,137,81,55,0,0,137,25,57
2024,540,wt,SUM,0,0,0,166,95,71,0,5,160,27,67
2024,555,all_deer,N,0,0,0,25,18,7,0,0,25,11,8
2024,555,all_deer,R,0,0,0,189,139,50,0,7,179,34,105
2024,555,all_deer,SUM,0,0,0,214,158,56,0,7,204,45,113
2024,555,md,N,0,0,0,25,18,7,0,0,25,11,8
2024,555,md,R,0,0,0,134,105,29,0,2,129,31,74
2024,555,md,SUM,0,0,0,159,124,36,0,2,154,41,82
2024,555,wt,N,0,0,0,0,0,0,0,0,0,0,0
2024,555,wt,R,0,0,0,55,34,21,0,4,50,3,31
2024,555,wt,SUM,0,0,0,55,34,21,0,4,50,3,31
2024,565,all_deer,N,0,0,0,0,0,0,0,0,0,0,0
2024,565,all_deer,R,0,0,0,38,23,15,0,0,38,12,6
2024,565,all_deer,SUM,0,0,0,38,23,15,0,0,38,12,6
2024,565,md,N,0,0,0,0,0,0,0,0,0,0,0
2024,565,md,R,0,0,0,9,9,0,0,0,9,3,6
2024,565,md,SUM,0,0,0,9,9,0,0,0,9,3,6
2024,565,wt,N,0,0,0,0,0,0,0,0,0,0,0
2024,565,wt,R,0,0,0,29,14,15,0,0,29,9,0
2024,565,wt,SUM,0,0,0,29,14,15,0,0,29,9,0
2024,575,all_deer,N,0,0,0,67,45,22,0,5,61,15,30
2024,575,all_deer,R,0,0,0,1335,832,498,4,45,1277,334,495
2024,575,all_deer,SUM,0,0,0,1401,877,520,4,50,1339,349,525
2024,575,md,N,0,0,0,40,26,14,0,0,40,13,13
2024,575,md,R,0,0,0,619,415,204,0,16,597,232,183
2024,575,md,SUM,0,0,0,659,441,218,0,16,637,245,196
2024,575,wt,N,0,0,0,27,19,8,0,5,21,2,17
2024,575,wt,R,0,0,0,716,418,294,4,29,681,102,312
2024,575,wt,SUM,0,0,0,742,436,302,4,34,702,104,330
2024,580,all_deer,N,0,0,0,119,105,14,0,5,113,37,68
2024,580,all_deer,R,0,0,0,686,451,235,0,10,670,127,318
2024,580,all_deer,SUM,0,0,0,805,556,248,0,15,783,163,387
2024,580,md,N,0,0,0,70,68,2,0,0,70,34,34
2024,580,md,R,0,0,0,147,136,11,0,0,147,59,77
2024,580,md,SUM,0,0,0,217,204,13,0,0,217,93,111
2024,580,wt,N,0,0,0,49,37,12,0,5,44,3,34
2024,580,wt,R,0,0,0,539,315,223,0,10,523,68,241
2024,580,wt,SUM,0,0,0,588,352,236,0,15,566,71,275
2024,590,all_deer,N,0,0,0,169,156,13,0,11,158,49,107
2024,590,all_deer,R,0,0,0,1672,1296,373,3,64,1586,546,750
2024,590,all_deer,SUM,0,0,0,1841,1451,387,3,75,1744,595,856
2024,590,md,N,0,0,0,116,114,3,0,0,116,46,67
2024,590,md,R,0,0,0,841,779,61,0,6,819,405,374
2024,590,md,SUM,0,0,0,957,893,64,0,6,935,451,441
2024,590,wt,N,0,0,0,52,42,11,0,11,42,3,39
2024,590,wt,R,0,0,0,832,517,312,3,58,767,141,376
2024,590,wt,SUM,0,0,0,884,559,323,3,69,809,144,415
2024,5XX,all_deer,N,0,0,0,11,5,5,0,3,8,0,5
2024,5XX,all_deer,R,0,0,0,52,34,18,0,0,52,12,22
2024,5XX,all_deer,SUM,0,0,0,63,39,24,0,3,60,12,27
2024,5XX,md,N,0,0,0,5,5,0,0,3,3,0,5
2024,5XX,md,R,0,0,0,19,19,0,0,0,19,3,16
2024,5XX,md,SUM,0,0,0,24,24,0,0,3,21,3,21
2024,5XX,wt,N,0,0,0,5,0,5,0,0,5,0,0
2024,5XX,wt,R,0,0,0,34,16,18,0,0,34,9,6
2024,5XX,wt,SUM,0,0,0,39,16,24,0,0,39,9,6
2024,600,all_deer,N,0,0,0,285,191,94,0,0,285,31,160
2024,600,all_deer,R,0,0,0,1111,729,378,4,9,1099,260,466
2024,600,all_deer,SUM,0,0,0,1396,921,472,4,9,1384,292,626
2024,600,md,N,0,0,0,195,144,51,0,0,195,24,121
2024,600,md,R,0,0,0,670,479,191,0,3,667,205,274
2024,600,md,SUM,0,0,0,865,623,242,0,3,862,228,395
2024,600,wt,N,0,0,0,90,47,43,0,0,90,8,39
2024,600,wt,R,0,0,0,441,250,187,4,6,432,56,192
2024,600,wt,SUM,0,0,0,531,298,230,4,6,522,64,231
2024,620,all_deer,N,0,0,0,199,173,26,0,3,197,63,110
2024,620,all_deer,R,0,0,0,347,257,90,0,5,339,58,199
2024,620,all_deer,SUM,0,0,0,546,430,117,0,8,535,120,309
2024,620,md,N,0,0,0,163,157,6,0,3,161,60,97
2024,620,md,R,0,0,0,169,137,32,0,5,161,43,94
2024,620,md,SUM,0,0,0,332,294,38,0,8,321,104,190
2024,620,wt,N,0,0,0,36,16,20,0,0,36,3,13
2024,620,wt,R,0,0,0,178,120,58,0,0,178,14,106
2024,620,wt,SUM,0,0,0,214,136,79,0,0,214,17,119
2024,621,all_deer,N,0,0,0,170,162,8,0,0,170,81,81
2024,621,all_deer,R,0,0,0,151,133,18,0,0,151,65,68
2024,621,all_deer,SUM,0,0,0,321,295,26,0,0,321,146,149
2024,621,md,N,0,0,0,155,155,0,0,0,155,79,76
2024,621,md,R,0,0,0,105,105,0,0,0,105,59,46
2024,621,md,SUM,0,0,0,260,260,0,0,0,260,137,122
2024,621,wt,N,0,0,0,16,8,8,0,0,16,3,5
2024,621,wt,R,0,0,0,46,28,18,0,0,46,6,22
2024,621,wt,SUM,0,0,0,62,36,26,0,0,62,9,27
2024,622,all_deer,N,0,0,0,58,55,3,0,0,58,26,29
2024,622,all_deer,R,0,0,0,84,80,4,0,0,84,22,59
2024,622,all_deer,SUM,0,0,0,142,135,7,0,0,142,48,88
2024,622,md,N,0,0,0,52,50,3,0,0,52,26,24
2024,622,md,R,0,0,0,74,74,0,0,0,74,19,56
2024,622,md,SUM,0,0,0,127,124,3,0,0,127,45,79
2024,622,wt,N,0,0,0,5,5,0,0,0,5,0,5
2024,622,wt,R,0,0,0,10,6,4,0,0,10,3,3
2024,622,wt,SUM,0,0,0,15,11,4,0,0,15,3,8
2024,630,all_deer,N,0,0,0,542,474,68,0,5,537,181,293
2024,630,all_deer,R,0,0,0,523,327,196,0,31,486,96,231
2024,630,all_deer,SUM,0,0,0,1065,801,264,0,37,1023,277,525
2024,630,md,N,0,0,0,439,417,23,0,3,436,168,249
2024,630,md,R,0,0,0,215,172,43,0,6,207,84,88
2024,630,md,SUM,0,0,0,654,588,65,0,8,644,251,337
2024,630,wt,N,0,0,0,103,58,46,0,3,101,13,45
2024,630,wt,R,0,0,0,308,155,153,0,26,279,12,143
2024,630,wt,SUM,0,0,0,412,213,199,0,28,379,26,187
2024,640,all_deer,N,0,0,0,1231,919,306,5,5,1225,139,781
2024,640,all_deer,R,0,0,0,1258,887,371,0,20,1238,131,756
2024,640,all_deer,SUM,0,0,0,2489,1806,678,5,26,2463,269,1537
2024,640,md,N,0,0,0,927,707,220,0,5,922,128,579
2024,640,md,R,0,0,0,752,558,194,0,10,741,109,449
2024,640,md,SUM,0,0,0,1678,1265,413,0,16,1663,237,1028
2024,640,wt,N,0,0,0,304,212,87,5,0,304,11,202
2024,640,wt,R,0,0,0,507,329,178,0,10,497,22,307
2024,640,wt,SUM,0,0,0,810,541,264,5,10,800,32,509
2024,650,all_deer,N,0,0,0,435,397,38,0,5,429,97,300
2024,650,all_deer,R,0,0,0,840,653,188,0,16,814,130,523
2024,650,all_deer,SUM,0,0,0,1275,1050,225,0,21,1244,227,823
2024,650,md,N,0,0,0,372,353,20,0,0,372,97,256
2024,650,md,R,0,0,0,609,491,118,0,10,593,111,380
2024,650,md,SUM,0,0,0,981,844,138,0,10,966,208,635
2024,650,wt,N,0,0,0,62,45,18,0,5,57,0,45
2024,650,wt,R,0,0,0,231,162,69,0,6,221,19,143
2024,650,wt,SUM,0,0,0,293,206,87,0,11,278,19,188
2024,652,all_deer,N,0,0,0,23,23,0,0,0,23,6,18
2024,652,all_deer,R,0,0,0,61,52,9,0,0,61,12,40
2024,652,all_deer,SUM,0,0,0,84,75,9,0,0,84,18,58
2024,652,md,N,0,0,0,21,21,0,0,0,21,6,15
2024,652,md,R,0,0,0,44,41,3,0,0,44,6,35
2024,652,md,SUM,0,0,0,64,62,3,0,0,64,12,50
2024,652,wt,N,0,0,0,3,3,0,0,0,3,0,3
2024,652,wt,R,0,0,0,17,11,6,0,0,17,6,5
2024,652,wt,SUM,0,0,0,20,14,6,0,0,20,6,8
2024,670,all_deer,N,0,0,0,870,688,180,2,3,868,183,505
2024,670,all_deer,R,0,0,0,802,561,241,0,15,767,121,441
2024,670,all_deer,SUM,0,0,0,1673,1249,421,2,18,1635,304,946
2024,670,md,N,0,0,0,710,578,129,2,3,707,173,406
2024,670,md,R,0,0,0,491,400,91,0,0,482,105,295
2024,670,md,SUM,0,0,0,1200,978,220,2,3,1189,278,700
2024,670,wt,N,0,0,0,161,110,51,0,0,161,10,100
2024,670,wt,R,0,0,0,311,162,150,0,15,285,16,146
2024,670,wt,SUM,0,0,0,472,271,201,0,15,446,26,246
2024,690,all_deer,N,0,0,0,552,500,52,0,0,552,79,422
2024,690,all_deer,R,0,0,0,1209,896,310,3,23,1186,254,639
2024,690,all_deer,SUM,0,0,0,1761,1396,362,3,23,1738,333,1061
2024,690,md,N,0,0,0,446,432,14,0,0,446,71,362
2024,690,md,R,0,0,0,869,741,124,3,3,866,223,516
2024,690,md,SUM,0,0,0,1315,1174,139,3,3,1312,294,877
2024,690,wt,N,0,0,0,105,68,38,0,0,105,8,60
2024,690,wt,R,0,0,0,340,155,186,0,20,321,31,124
2024,690,wt,SUM,0,0,0,446,223,223,0,20,426,39,184
2024,6XX,all_deer,N,0,0,0,28,13,15,0,0,28,3,11
2024,6XX,all_deer,R,0,0,0,22,3,18,0,0,22,0,3
2024,6XX,all_deer,SUM,0,0,0,49,16,33,0,0,49,3,14
2024,6XX,md,N,0,0,0,15,13,2,0,0,15,3,11
2024,6XX,md,R,0,0,0,3,3,0,0,0,3,0,3
2024,6XX,md,SUM,0,0,0,18,16,2,0,0,18,3,14
2024,6XX,wt,N,0,0,0,13,0,13,0,0,13,0,0
2024,6XX,wt,R,0,0,0,18,0,18,0,0,18,0,0
2024,6XX,wt,SUM,0,0,0,31,0,31,0,0,31,0,0
2024,700,all_deer,N,0,0,0,508,396,105,6,3,505,123,273
2024,700,all_deer,R,0,0,0,926,664,259,3,41,879,193,468
2024,700,all_deer,SUM,0,0,0,1434,1060,364,9,44,1384,316,741
2024,700,md,N,0,0,0,352,323,29,0,3,349,110,213
2024,700,md,R,0,0,0,484,398,86,0,6,474,135,264
2024,700,md,SUM,0,0,0,835,721,114,0,9,823,244,477
2024,700,wt,N,0,0,0,156,73,77,6,0,156,13,60
2024,700,wt,R,0,0,0,442,266,173,3,35,404,59,204
2024,700,wt,SUM,0,0,0,598,339,250,9,35,560,72,264
2024,701,all_deer,N,0,0,0,725,661,64,0,5,720,165,496
2024,701,all_deer,R,0,0,0,1395,1017,379,0,70,1322,245,771
2024,701,all_deer,SUM,0,0,0,2121,1678,443,0,75,2042,410,1267
2024,701,md,N,0,0,0,528,519,9,0,3,525,155,365
2024,701,md,R,0,0,0,653,552,101,0,16,638,176,376
2024,701,md,SUM,0,0,0,1181,1071,110,0,18,1163,331,740
2024,701,wt,N,0,0,0,198,142,56,0,3,195,11,131
2024,701,wt,R,0,0,0,742,465,278,0,55,685,69,396
2024,701,wt,SUM,0,0,0,940,606,333,0,57,880,80,527
2024,702,all_deer,N,0,0,0,449,393,53,3,11,438,115,278
2024,702,all_deer,R,0,0,0,752,575,178,0,31,722,195,377
2024,702,all_deer,SUM,0,0,0,1201,968,230,3,42,1160,310,655
2024,702,md,N,0,0,0,347,336,11,0,3,344,115,220
2024,702,md,R,0,0,0,472,396,77,0,18,455,155,238
2024,702,md,SUM,0,0,0,819,732,88,0,20,799,270,459
2024,702,wt,N,0,0,0,102,58,41,3,8,94,0,58
2024,702,wt,R,0,0,0,280,179,101,0,13,267,40,139
2024,702,wt,SUM,0,0,0,382,237,142,3,22,360,40,197
2024,703,all_deer,N,0,0,0,876,736,137,3,8,868,155,582
2024,703,all_deer,R,0,0,0,1360,1014,340,6,38,1316,173,841
2024,703,all_deer,SUM,0,0,0,2236,1750,477,9,46,2185,328,1423
2024,703,md,N,0,0,0,668,634,34,0,5,663,144,490
2024,703,md,R,0,0,0,753,652,98,3,12,735,145,507
2024,703,md,SUM,0,0,0,1421,1286,132,3,17,1398,289,997
2024,703,wt,N,0,0,0,208,102,103,3,3,205,11,92
2024,703,wt,R,0,0,0,607,362,242,3,26,582,28,334
2024,703,wt,SUM,0,0,0,815,464,346,6,28,787,38,426
2024,704,all_deer,N,0,0,0,1219,1125,94,0,24,1196,352,773
2024,704,all_deer,R,0,0,0,1069,856,202,11,28,1041,322,534
2024,704,all_deer,SUM,0,0,0,2288,1981,296,11,51,2237,674,1308
2024,704,md,N,0,0,0,927,915,12,0,11,916,323,592
2024,704,md,R,0,0,0,645,611,31,3,13,632,284,327
2024,704,md,SUM,0,0,0,1572,1526,42,3,24,1548,607,920
2024,704,wt,N,0,0,0,292,210,82,0,13,279,29,181
2024,704,wt,R,0,0,0,424,245,171,8,14,410,38,207
2024,704,wt,SUM,0,0,0,716,455,253,8,28,689,67,388
2024,705,all_deer,N,0,0,0,1581,1379,200,3,40,1541,386,993
2024,705,all_deer,R,0,0,0,692,559,133,0,7,681,201,358
2024,705,all_deer,SUM,0,0,0,2273,1938,333,3,47,2223,587,1351
2024,705,md,N,0,0,0,1018,996,22,0,13,1005,367,629
2024,705,md,R,0,0,0,356,329,27,0,0,356,155,174
2024,705,md,SUM,0,0,0,1374,1325,49,0,13,1361,522,804
2024,705,wt,N,0,0,0,563,383,178,3,27,537,18,364
2024,705,wt,R,0,0,0,336,230,106,0,7,325,46,183
2024,705,wt,SUM,0,0,0,899,612,284,3,34,862,65,548
2024,7XX,all_deer,N,0,0,0,8,8,0,0,0,8,8,0
2024,7XX,all_deer,R,0,0,0,35,31,4,0,0,35,6,25
2024,7XX,all_deer,SUM,0,0,0,43,39,4,0,0,43,14,25
2024,7XX,md,N,0,0,0,8,8,0,0,0,8,8,0
2024,7XX,md,R,0,0,0,28,28,0,0,0,28,6,22
2024,7XX,md,SUM,0,0,0,36,36,0,0,0,36,14,22
2024,7XX,wt,R,0,0,0,7,3,4,0,0,7,0,3
2024,7XX,wt,SUM,0,0,0,7,3,4,0,0,7,0,3
2024,Reg_1,all_deer,N,0,0,0,802,638,161,3,14,775,190,448
2024,Reg_1,all_deer,R,0,0,0,10851,8366,2457,28,364,10313,2785,5575
2024,Reg_1,all_deer,SUM,0,0,0,11653,9005,2618,31,377,11088,2975,6023
2024,Reg_1,md,N,0,0,0,151,149,2,0,3,148,58,92
2024,Reg_1,md,R,0,0,0,1068,1038,27,4,19,1043,466,572
2024,Reg_1,md,SUM,0,0,0,1219,1187,28,4,21,1191,524,663
2024,Reg_1,wt,N,0,0,0,651,489,159,3,11,627,132,357
2024,Reg_1,wt,R,0,0,0,9783,7328,2430,25,345,9270,2319,5003
2024,Reg_1,wt,SUM,0,0,0,10434,7818,2590,27,356,9897,2451,5360
2024,Reg_2,all_deer,N,0,0,0,619,482,137,0,60,559,195,287
2024,Reg_2,all_deer,R,0,0,0,9088,7032,2046,11,1065,7963,2698,4308
2024,Reg_2,all_deer,SUM,0,0,0,9707,7513,2183,11,1125,8522,2893,4595
2024,Reg_2,md,N,0,0,0,212,204,8,0,16,196,114,90
2024,Reg_2,md,R,0,0,0,1822,1674,148,0,66,1753,774,900
2024,Reg_2,md,SUM,0,0,0,2034,1878,156,0,81,1949,888,989
2024,Reg_2,wt,N,0,0,0,407,278,129,0,45,363,81,197
2024,Reg_2,wt,R,0,0,0,7266,5358,1897,11,999,6210,1923,3408
2024,Reg_2,wt,SUM,0,0,0,7673,5636,2026,11,1043,6573,2004,3605
2024,Reg_3,all_deer,N,0,0,0,2249,1686,560,3,113,2125,602,1085
2024,Reg_3,all_deer,R,0,0,0,13098,8851,4189,59,806,12113,3567,5272
2024,Reg_3,all_deer,SUM,0,0,0,15347,10537,4749,61,919,14238,4169,6357
2024,Reg_3,md,N,0,0,0,1430,1232,195,3,71,1353,511,721
2024,Reg_3,md,R,0,0,0,6272,5144,1105,23,323,5907,2716,2422
2024,Reg_3,md,SUM,0,0,0,7702,6376,1300,26,394,7260,3228,3142
2024,Reg_3,wt,N,0,0,0,819,454,365,0,42,771,91,364
2024,Reg_3,wt,R,0,0,0,6826,3707,3084,35,484,6206,851,2851
2024,Reg_3,wt,SUM,0,0,0,7645,4161,3449,35,526,6977,941,3214
2024,Reg_4,all_deer,N,0,0,0,2900,2135,762,2,100,2798,647,1489
2024,Reg_4,all_deer,R,0,0,0,15514,10810,4654,50,363,15059,3310,7478
2024,Reg_4,all_deer,SUM,0,0,0,18414,12945,5417,52,463,17857,3957,8967
2024,Reg_4,md,N,0,0,0,1721,1594,128,0,58,1661,541,1053
2024,Reg_4,md,R,0,0,0,7568,6103,1451,14,123,7427,2347,3750
2024,Reg_4,md,SUM,0,0,0,9290,7697,1579,14,180,9088,2888,4803
2024,Reg_4,wt,N,0,0,0,1178,542,635,2,42,1137,106,435
2024,Reg_4,wt,R,0,0,0,7946,4706,3203,36,241,7631,963,3728
2024,Reg_4,wt,SUM,0,0,0,9124,5248,3838,38,283,8768,1070,4163
2024,Reg_5,all_deer,N,0,0,0,866,702,164,0,40,825,209,493
2024,Reg_5,all_deer,R,0,0,0,7536,5420,2092,24,220,7260,2026,3369
2024,Reg_5,all_deer,SUM,0,0,0,8402,6122,2256,24,261,8085,2235,3862
2024,Reg_5,md,N,0,0,0,483,444,39,0,4,479,181,263
2024,Reg_5,md,R,0,0,0,3530,3030,497,3,49,3447,1409,1616
2024,Reg_5,md,SUM,0,0,0,4013,3474,536,3,53,3926,1590,1879
2024,Reg_5,wt,N,0,0,0,383,257,125,0,36,347,28,230
2024,Reg_5,wt,R,0,0,0,4006,2390,1595,21,172,3813,617,1753
2024,Reg_5,wt,SUM,0,0,0,4389,2647,1720,21,208,4159,645,1983
2024,Reg_6,all_deer,N,0,0,0,4392,3597,789,7,21,4371,888,2708
2024,Reg_6,all_deer,R,0,0,0,6409,4578,1824,7,120,6247,1148,3425
2024,Reg_6,all_deer,SUM,0,0,0,10801,8175,2612,14,141,10618,2036,6133
2024,Reg_6,md,N,0,0,0,3495,3026,467,2,13,3481,833,2193
2024,Reg_6,md,R,0,0,0,4000,3201,796,3,37,3943,964,2235
2024,Reg_6,md,SUM,0,0,0,7495,6227,1263,5,50,7425,1797,4428
2024,Reg_6,wt,N,0,0,0,898,571,322,5,8,890,55,516
2024,Reg_6,wt,R,0,0,0,2409,1377,1028,4,83,2304,184,1190
2024,Reg_6,wt,SUM,0,0,0,3306,1948,1349,9,91,3194,239,1706
2024,Reg_7,all_deer,N,0,0,0,5366,4698,653,14,90,5276,1303,3395
2024,Reg_7,all_deer,R,0,0,0,6229,4716,1493,20,215,5996,1335,3374
2024,Reg_7,all_deer,SUM,0,0,0,11595,9414,2147,34,305,11272,2638,6769
2024,Reg_7,md,N,0,0,0,3847,3731,116,0,37,3810,1222,2509
2024,Reg_7,md,R,0,0,0,3391,2966,419,6,65,3317,1055,1908
2024,Reg_7,md,SUM,0,0,0,7238,6697,535,6,101,7128,2277,4417
2024,Reg_7,wt,N,0,0,0,1519,967,537,14,53,1466,81,886
2024,Reg_7,wt,R,0,0,0,2838,1749,1075,14,150,2679,280,1466
2024,Reg_7,wt,SUM,0,0,0,4357,2717,1612,29,203,4145,362,2352
2024,Reg_X,all_deer,N,27768,178920,6,59,50,10,0,7,53,11,39
2024,Reg_X,all_deer,R,120089,968885,8,128,105,23,0,0,128,46,52
2024,Reg_X,all_deer,SUM,147857,1147806,8,187,155,33,0,7,181,57,92
2024,Reg_X,md,N,27768,178920,6,36,31,4,0,4,31,11,21
2024,Reg_X,md,R,120089,968885,8,62,59,3,0,0,62,31,28
2024,Reg_X,md,SUM,147857,1147806,8,97,90,7,0,4,93,41,49
2024,Reg_X,wt,N,27768,178920,6,24,18,5,0,3,21,0,18
2024,Reg_X,wt,R,120089,968885,8,66,46,20,0,0,66,16,25
2024,Reg_X,wt,SUM,147857,1147806,8,90,65,25,0,3,87,16,43
2024,State,all_deer,N,27768,178920,6,17252,13988,3236,29,445,16781,4044,9944
2024,State,all_deer,R,120089,968885,8,68853,49877,18777,199,3153,65079,16915,32853
2024,State,all_deer,SUM,147857,1147806,8,86106,63865,22013,228,3597,81860,20959,42797
2024,State,md,N,27768,178920,6,11374,10411,958,5,205,11161,3470,6941
2024,State,md,R,120089,968885,8,27713,23215,4445,53,680,26900,9763,13430
2024,State,md,SUM,147857,1147806,8,39087,33627,5403,58,885,38061,13233,20371
2024,State,wt,N,27768,178920,6,5878,3577,2278,24,239,5621,574,3003
2024,State,wt,R,120089,968885,8,41140,26661,14332,146,2473,38179,7152,19424
2024,State,wt,SUM,147857,1147806,8,47018,30238,16610,170,2712,43800,7726,22426
2024,XXX,all_deer,N,27768,178920,6,59,50,10,0,7,53,11,39
2024,XXX,all_deer,R,120089,968885,8,128,105,23,0,0,128,46,52
2024,XXX,all_deer,SUM,147857,1147806,8,187,155,33,0,7,181,57,92
2024,XXX,md,N,27768,178920,6,36,31,4,0,4,31,11,21
2024,XXX,md,R,120089,968885,8,62,59,3,0,0,62,31,28
2024,XXX,md,SUM,147857,1147806,8,97,90,7,0,4,93,41,49
2024,XXX,wt,N,27768,178920,6,24,18,5,0,3,21,0,18
2024,XXX,wt,R,120089,968885,8,66,46,20,0,0,66,16,25
2024,XXX,wt,SUM,147857,1147806,8,90,65,25,0,3,87,16,43
