draw_id,hunt_code,year,resident_applications,non_resident_applications,outfitter_applications,licenses_total,resident_licenses,non_resident_licenses,outfitter_licenses,resident_results,non_resident_results,outfitter_results
1,ANT-1-101,2025,113,0,0,3,3,0,0,3,0,0
2,ANT-1-102,2025,608,11,0,5,5,0,0,5,0,0
3,ANT-1-104,2025,99,0,0,3,3,0,0,3,0,0
4,ANT-1-105,2025,571,17,55,10,9,0,1,9,0,1
5,ANT-1-106,2025,58,0,4,10,9,0,1,9,0,1
6,ANT-1-107,2025,416,6,34,10,9,0,1,9,0,1
7,ANT-1-109,2025,200,2,1,2,2,0,0,2,0,0
8,ANT-1-110,2025,1208,23,195,10,9,0,1,9,0,1
9,ANT-1-111,2025,97,2,10,10,9,0,1,9,0,1
10,ANT-1-112,2025,582,14,3,5,5,0,0,5,0,0
11,ANT-1-114,2025,295,4,2,5,5,0,0,5,0,0
12,ANT-1-115,2025,1372,42,304,10,9,0,1,9,0,1
13,ANT-1-117,2025,79,0,0,3,3,0,0,3,0,0
14,ANT-1-118,2025,906,20,90,10,9,0,1,9,0,1
15,ANT-1-120,2025,423,1,4,5,5,0,0,5,0,0
16,ANT-1-121,2025,1980,1049,687,15,13,1,1,13,1,1
17,ANT-1-123,2025,87,1,0,3,3,0,0,3,0,0
18,ANT-1-124,2025,1471,1011,402,25,21,2,2,21,2,2
19,ANT-1-126,2025,378,5,1,5,5,0,0,5,0,0
20,ANT-1-127,2025,1524,22,12,5,5,0,0,5,0,0
21,ANT-1-128,2025,727,11,0,5,5,0,0,5,0,0
22,ANT-1-129,2025,99,2,0,3,3,0,0,3,0,0
23,ANT-1-130,2025,908,10,114,10,9,0,1,9,0,1
24,ANT-1-132,2025,1254,546,297,15,13,1,1,13,1,1
25,ANT-1-133,2025,833,362,151,15,13,1,1,13,1,1
26,ANT-1-134,2025,169,1,0,5,5,0,0,5,0,0
27,ANT-1-136,2025,74,0,0,2,2,0,0,2,0,0
28,ANT-1-137,2025,557,10,23,10,9,0,1,9,0,1
29,ANT-1-139,2025,253,4,80,10,9,0,1,9,0,1
30,ANT-1-140,2025,779,11,8,5,5,0,0,5,0,0
31,ANT-1-141,2025,750,12,117,10,9,0,1,9,0,1
32,ANT-1-142,2025,72,0,3,8,7,0,1,7,0,1
33,ANT-1-143,2025,474,142,25,15,13,1,1,13,1,1
34,ANT-1-145,2025,184,0,0,5,5,0,0,5,0,0
35,ANT-1-146,2025,592,13,6,5,5,0,0,5,0,0
36,ANT-1-147,2025,568,12,239,10,9,0,1,9,0,1
37,ANT-1-148,2025,43,0,0,3,3,0,0,3,0,0
38,ANT-1-150,2025,158,0,0,5,5,0,0,5,0,0
39,ANT-1-151,2025,521,12,1,5,5,0,0,5,0,0
40,ANT-1-152,2025,539,8,168,10,9,0,1,9,0,1
41,ANT-1-153,2025,29,0,0,3,3,0,0,3,0,0
42,ANT-1-161,2025,199,1,0,5,5,0,0,5,0,0
43,ANT-1-162,2025,584,14,3,5,5,0,0,5,0,0
44,ANT-1-163,2025,436,7,17,10,9,0,1,9,0,1
45,ANT-1-164,2025,43,0,0,5,5,0,0,5,0,0
46,ANT-1-165,2025,430,128,29,15,13,1,1,13,1,1
47,ANT-1-167,2025,295,1,0,5,5,0,0,5,0,0
48,ANT-1-168,2025,1075,24,236,10,9,0,1,9,0,1
49,ANT-1-169,2025,819,12,151,10,9,0,1,9,0,1
50,ANT-1-170,2025,50,0,0,5,5,0,0,5,0,0
51,ANT-1-171,2025,818,205,206,20,17,1,2,17,1,2
52,ANT-1-173,2025,208,2,0,5,5,0,0,5,0,0
53,ANT-1-174,2025,724,17,27,10,9,0,1,9,0,1
54,ANT-1-175,2025,321,6,0,5,5,0,0,5,0,0
55,ANT-1-176,2025,48,0,0,5,5,0,0,5,0,0
56,ANT-1-177,2025,420,101,51,15,13,1,1,13,1,1
57,ANT-1-179,2025,1129,250,221,15,13,1,1,13,1,1
58,ANT-1-180,2025,638,5,64,10,9,0,1,9,0,1
59,ANT-1-181,2025,50,1,0,5,5,0,0,5,0,0
60,ANT-1-182,2025,619,134,47,15,13,1,1,13,1,1
61,ANT-1-183,2025,248,26,0,15,14,1,0,14,1,0
62,ANT-1-185,2025,292,0,0,5,5,0,0,5,0,0
63,ANT-1-186,2025,1382,396,180,25,21,2,2,21,2,2
64,ANT-1-187,2025,908,208,83,20,17,1,2,17,1,2
65,ANT-1-188,2025,59,1,0,5,5,0,0,5,0,0
66,ANT-1-189,2025,819,298,78,25,21,2,2,21,2,2
67,ANT-1-191,2025,182,0,0,5,5,0,0,5,0,0
68,ANT-1-192,2025,678,15,39,10,9,0,1,9,0,1
69,ANT-1-193,2025,481,10,26,10,9,0,1,9,0,1
70,ANT-1-194,2025,39,0,0,5,5,0,0,5,0,0
71,ANT-1-195,2025,481,143,43,15,13,1,1,13,1,1
72,ANT-1-197,2025,259,3,35,10,9,0,1,9,0,1
73,ANT-1-198,2025,854,244,177,15,13,1,1,13,1,1
74,ANT-1-199,2025,701,160,96,20,17,1,2,17,1,2
75,ANT-1-200,2025,81,1,4,10,9,0,1,9,0,1
76,ANT-1-201,2025,763,470,62,30,26,1,3,26,1,3
77,ANT-1-203,2025,123,2,0,5,5,0,0,5,0,0
78,ANT-1-204,2025,546,4,6,10,9,0,1,9,0,1
79,ANT-1-205,2025,352,2,10,10,9,0,1,9,0,1
80,ANT-1-206,2025,37,0,0,5,5,0,0,5,0,0
81,ANT-1-207,2025,279,1,8,10,9,0,1,9,0,1
82,ANT-1-209,2025,297,9,4,10,9,0,1,9,0,1
83,ANT-1-210,2025,24,0,0,5,5,0,0,5,0,0
84,ANT-1-211,2025,227,5,5,10,9,0,1,9,0,1
85,ANT-1-213,2025,75,1,0,4,4,0,0,4,0,0
86,ANT-1-214,2025,502,131,40,24,21,1,2,21,1,2
87,ANT-1-215,2025,382,71,13,24,21,1,2,21,1,2
88,ANT-1-216,2025,25,0,1,4,4,0,0,4,0,0
89,ANT-1-217,2025,382,144,5,28,24,1,3,24,1,3
90,ANT-1-220,2025,68,0,1,8,7,0,1,7,0,1
91,ANT-1-221,2025,193,3,3,8,7,0,1,7,0,1
92,ANT-1-222,2025,139,1,2,8,7,0,1,7,0,1
93,ANT-1-224,2025,374,1,14,10,9,0,1,9,0,1
94,ANT-1-226,2025,179,0,0,4,4,0,0,4,0,0
95,ANT-1-227,2025,1023,231,50,20,17,1,2,17,1,2
96,ANT-1-228,2025,695,101,8,24,21,1,2,21,1,2
97,ANT-1-229,2025,34,1,1,4,4,0,0,4,0,0
98,ANT-1-230,2025,507,108,7,28,24,1,3,24,1,3
99,ANT-1-234,2025,2808,234,129,20,17,1,2,17,1,2
100,ANT-1-237,2025,516,107,35,40,34,2,4,34,2,4
101,ANT-1-238,2025,1178,23,1,4,4,0,0,4,0,0
102,ANT-1-239,2025,1210,242,69,36,31,2,3,31,2,3
103,ANT-1-240,2025,39,1,0,4,4,0,0,4,0,0
104,ANT-1-241,2025,939,206,42,40,34,2,4,34,2,4
105,ANT-1-244,2025,71,1,0,4,4,0,0,4,0,0
106,ANT-1-245,2025,197,5,1,4,4,0,0,4,0,0
107,ANT-1-248,2025,262,73,20,16,14,1,1,14,1,1
108,ANT-1-249,2025,860,166,83,24,21,1,2,21,1,2
109,ANT-1-250,2025,564,101,26,24,21,1,2,21,1,2
110,ANT-1-251,2025,27,1,0,4,4,0,0,4,0,0
111,ANT-1-252,2025,621,115,34,32,27,2,3,27,2,3
112,ANT-1-255,2025,499,106,34,36,31,2,3,31,2,3
113,ANT-1-256,2025,991,31,4,4,4,0,0,4,0,0
114,ANT-1-257,2025,1032,230,44,32,27,2,3,27,2,3
115,ANT-1-258,2025,51,1,1,8,8,0,0,8,0,0
116,ANT-1-259,2025,889,249,44,40,34,2,4,34,2,4
117,ANT-2-100,2025,133,2,0,10,10,0,0,10,0,0
118,ANT-2-103,2025,88,1,8,10,9,0,1,9,0,1
119,ANT-2-108,2025,238,7,37,10,9,0,1,9,0,1
120,ANT-2-113,2025,311,103,49,20,17,1,2,17,1,2
121,ANT-2-119,2025,388,149,59,20,17,1,2,17,1,2
122,ANT-2-125,2025,447,121,52,20,17,1,2,17,1,2
123,ANT-2-131,2025,268,92,30,25,21,2,2,21,2,2
124,ANT-2-135,2025,109,1,3,10,9,0,1,9,0,1
125,ANT-2-138,2025,222,71,14,25,21,2,2,21,2,2
126,ANT-2-144,2025,144,3,26,10,9,0,1,9,0,1
127,ANT-2-149,2025,125,5,21,10,9,0,1,9,0,1
128,ANT-2-159,2025,233,56,7,25,21,2,2,21,2,2
129,ANT-2-160,2025,250,54,12,25,21,2,2,21,2,2
130,ANT-2-166,2025,440,99,33,50,42,3,5,42,3,5
131,ANT-2-172,2025,206,55,13,25,21,2,2,21,2,2
132,ANT-2-178,2025,237,44,14,20,17,1,2,17,1,2
133,ANT-2-184,2025,300,69,45,30,26,1,3,26,1,3
134,ANT-2-190,2025,195,43,16,20,17,1,2,17,1,2
135,ANT-2-196,2025,175,23,19,20,17,1,2,17,1,2
136,ANT-2-202,2025,89,0,1,5,5,0,0,5,0,0
137,ANT-2-208,2025,36,2,0,5,5,0,0,5,0,0
138,ANT-2-212,2025,115,43,1,28,26,1,1,26,1,1
139,ANT-2-219,2025,32,1,0,4,4,0,0,4,0,0
140,ANT-2-223,2025,59,0,0,5,5,0,0,5,0,0
141,ANT-2-225,2025,77,1,2,8,7,0,1,7,0,1
142,ANT-2-233,2025,532,40,11,20,17,1,2,17,1,2
143,ANT-2-236,2025,249,46,3,40,36,2,2,36,2,2
144,ANT-2-243,2025,33,0,0,4,4,0,0,4,0,0
145,ANT-2-247,2025,148,34,1,32,30,2,0,30,2,0
146,ANT-2-254,2025,239,61,7,40,34,2,4,34,2,4
147,ANT-3-154,2025,286,14,18,7,6,0,1,6,0,1
148,ANT-3-155,2025,43,9,2,7,6,0,1,6,0,1
149,ANT-3-156,2025,50,0,0,5,5,0,0,5,0,0
150,ANT-3-157,2025,567,178,61,15,13,1,1,13,1,1
151,ANT-3-158,2025,580,159,42,25,21,2,2,21,2,2
152,ANT-3-232,2025,211,35,18,40,34,2,4,34,2,4
153,ANT-3-235,2025,1541,177,52,40,34,2,4,34,2,4
154,BBY-1-101,2025,1124,206,81,50,42,3,5,42,3,5
155,BBY-1-102,2025,962,233,93,50,42,3,5,42,3,5
156,BBY-1-103,2025,805,212,57,75,63,5,7,63,5,7
157,BBY-1-104,2025,1206,395,74,150,126,9,15,126,9,15
158,BBY-1-105,2025,1118,403,54,150,126,9,15,126,9,15
159,BBY-1-106,2025,949,308,43,150,126,9,15,126,9,15
160,BBY-1-107,2025,989,375,72,150,126,9,15,126,9,15
161,BBY-1-109,2025,2676,960,434,75,63,5,7,63,5,7
162,BBY-1-110,2025,2678,1071,559,75,63,5,7,63,5,7
163,BBY-1-111,2025,1854,983,365,75,63,5,7,63,5,7
164,BBY-1-112,2025,2622,1262,478,200,168,12,20,168,12,20
165,BBY-1-113,2025,2297,1260,390,200,168,12,20,168,12,20
166,BBY-1-114,2025,1964,1068,289,200,168,12,20,168,12,20
167,BBY-1-115,2025,1824,977,222,200,168,12,20,168,12,20
168,BBY-1-116,2025,2075,72,507,10,9,0,1,9,0,1
169,BBY-1-117,2025,87,27,8,10,9,0,1,9,0,1
170,BBY-1-118,2025,269,57,18,65,55,4,6,55,4,6
171,BBY-1-119,2025,23,10,0,10,10,0,0,10,0,0
172,BBY-1-120,2025,263,57,17,65,55,4,6,55,4,6
173,BBY-1-121,2025,26,12,3,10,9,0,1,9,0,1
174,BBY-2-100,2025,136,112,12,75,63,5,7,63,5,7
175,BBY-2-108,2025,245,188,41,75,63,5,7,63,5,7
176,BHS-1-201,2025,8387,2669,3417,28,24,1,3,24,1,3
177,BHS-1-202,2025,2819,153,33,20,17,1,2,17,1,2
178,BHS-1-204,2025,7444,2550,3379,25,21,2,2,21,2,2
179,BHS-2-203,2025,678,7,15,10,9,0,1,9,0,1
180,DER-1-100,2025,153,6,4,25,21,2,2,21,2,2
181,DER-1-101,2025,1418,194,21,150,126,9,15,126,9,15
182,DER-1-102,2025,26,3,0,40,21,3,0,21,3,0
183,DER-1-103,2025,332,137,38,15,13,1,1,13,1,1
184,DER-1-110,2025,3002,365,30,275,232,17,26,232,17,26
185,DER-1-111,2025,558,44,14,125,105,8,12,105,8,12
186,DER-1-112,2025,6,0,0,25,3,0,0,3,0,0
187,DER-1-113,2025,3998,702,136,350,294,21,35,294,21,35
188,DER-1-114,2025,15,9,0,25,9,9,0,9,9,0
189,DER-1-115,2025,5782,1517,607,400,336,24,40,336,24,40
190,DER-1-116,2025,16,8,9,75,16,8,9,16,8,9
191,DER-1-117,2025,1466,457,418,25,21,2,2,21,2,2
192,DER-1-127,2025,3912,2941,2431,30,26,1,3,26,1,3
193,DER-1-128,2025,13,4,3,8,7,0,1,7,0,1
194,DER-1-133,2025,669,0,7,20,18,0,2,18,0,2
195,DER-1-134,2025,166,0,5,10,9,0,1,9,0,1
196,DER-1-135,2025,176,54,12,175,102,31,11,102,31,11
197,DER-1-136,2025,637,0,11,20,18,0,2,18,0,2
198,DER-1-137,2025,209,48,17,175,129,33,13,129,33,13
199,DER-1-138,2025,771,0,17,10,9,0,1,9,0,1
200,DER-1-139,2025,191,13,6,10,9,0,1,9,0,1
201,DER-1-140,2025,383,0,2,5,5,0,0,5,0,0
202,DER-1-144,2025,538,43,6,40,34,2,4,34,2,4
203,DER-1-145,2025,101,42,5,220,100,42,5,100,42,5
204,DER-1-150,2025,3051,1283,726,30,26,1,3,26,1,3
205,DER-1-151,2025,679,19,207,10,9,0,1,9,0,1
206,DER-1-154,2025,209,8,6,20,17,1,2,17,1,2
207,DER-1-155,2025,5342,285,279,110,93,6,11,93,6,11
208,DER-1-158,2025,794,376,494,30,26,1,3,26,1,3
209,DER-1-164,2025,553,14,9,15,13,1,1,13,1,1
210,DER-1-165,2025,352,0,5,10,9,0,1,9,0,1
211,DER-1-166,2025,120,0,8,10,9,0,1,9,0,1
212,DER-1-170,2025,76,0,1,20,19,0,1,19,0,1
213,DER-1-171,2025,1065,33,2,70,66,4,0,66,4,0
214,DER-1-172,2025,868,26,4,65,59,4,2,59,4,2
215,DER-1-173,2025,932,27,3,90,84,5,1,84,5,1
216,DER-1-174,2025,166,15,2,25,22,2,1,22,2,1
217,DER-1-177,2025,482,57,27,85,72,5,8,72,5,8
218,DER-1-180,2025,1869,61,39,150,126,9,15,126,9,15
219,DER-1-181,2025,1276,68,30,150,126,9,15,126,9,15
220,DER-1-182,2025,311,16,14,50,42,3,5,42,3,5
221,DER-1-186,2025,2235,99,92,55,47,3,5,47,3,5
222,DER-1-194,2025,3509,418,130,300,252,18,30,252,18,30
223,DER-1-195,2025,142,3,1,25,22,2,1,22,2,1
224,DER-1-196,2025,2172,326,104,300,252,18,30,252,18,30
225,DER-1-197,2025,569,39,32,100,84,6,10,84,6,10
226,DER-1-201,2025,2987,197,80,80,68,4,8,68,4,8
227,DER-1-202,2025,1660,188,83,80,68,4,8,68,4,8
228,DER-1-203,2025,616,100,46,80,68,4,8,68,4,8
229,DER-1-207,2025,795,27,22,70,59,4,7,59,4,7
230,DER-1-208,2025,529,36,17,70,59,4,7,59,4,7
231,DER-1-212,2025,292,3,2,5,5,0,0,5,0,0
232,DER-1-213,2025,464,3,2,5,5,0,0,5,0,0
233,DER-1-216,2025,1164,80,19,90,76,5,9,76,5,9
234,DER-1-217,2025,694,61,23,90,76,5,9,76,5,9
235,DER-1-221,2025,2300,236,45,425,361,26,38,361,26,38
236,DER-1-222,2025,1363,213,42,425,379,26,20,379,26,20
237,DER-1-223,2025,283,33,5,100,90,6,4,90,6,4
238,DER-1-227,2025,205,100,27,25,21,2,2,21,2,2
239,DER-1-228,2025,331,62,18,70,59,4,7,59,4,7
240,DER-1-229,2025,180,50,12,70,59,4,7,59,4,7
241,DER-1-230,2025,69,14,2,20,17,1,2,17,1,2
242,DER-1-234,2025,1267,257,33,450,405,27,18,405,27,18
243,DER-1-235,2025,775,203,17,450,412,27,11,412,27,11
244,DER-1-236,2025,378,163,48,100,84,6,10,84,6,10
245,DER-1-237,2025,360,298,132,55,47,3,5,47,3,5
246,DER-1-238,2025,220,47,25,75,63,5,7,63,5,7
247,DER-1-245,2025,816,156,101,35,30,2,3,30,2,3
248,DER-1-246,2025,676,411,254,40,34,2,4,34,2,4
249,DER-1-247,2025,328,120,56,25,21,2,2,21,2,2
250,DER-1-253,2025,304,29,10,50,42,3,5,42,3,5
251,DER-1-254,2025,1399,167,13,400,367,24,9,367,24,9
252,DER-1-255,2025,750,145,10,400,370,24,6,370,24,6
253,DER-1-256,2025,281,126,36,100,84,6,10,84,6,10
254,DER-1-257,2025,337,24,16,50,42,3,5,42,3,5
255,DER-1-258,2025,285,192,76,50,42,3,5,42,3,5
256,DER-1-265,2025,529,38,2,100,94,6,0,94,6,0
257,DER-1-266,2025,303,43,6,100,89,6,5,89,6,5
258,DER-1-270,2025,379,48,10,100,84,6,10,84,6,10
259,DER-1-271,2025,211,47,7,100,90,6,4,90,6,4
260,DER-1-275,2025,65,26,0,25,23,2,0,23,2,0
261,DER-1-276,2025,226,45,4,50,44,3,3,44,3,3
262,DER-1-277,2025,130,28,1,50,46,3,1,46,3,1
263,DER-1-278,2025,293,196,43,40,34,2,4,34,2,4
264,DER-1-279,2025,92,51,11,25,21,2,2,21,2,2
265,DER-1-280,2025,288,320,109,25,21,2,2,21,2,2
266,DER-1-287,2025,291,88,19,25,21,2,2,21,2,2
267,DER-1-288,2025,45,40,5,25,21,2,2,21,2,2
268,DER-1-289,2025,286,81,2,150,141,9,0,141,9,0
269,DER-1-290,2025,283,68,1,150,141,9,0,141,9,0
270,DER-1-294,2025,2891,379,21,720,661,43,16,661,43,16
271,DER-1-295,2025,2817,421,15,720,669,43,8,669,43,8
272,DER-1-296,2025,481,59,8,250,229,15,6,229,15,6
273,DER-1-300,2025,3309,398,99,440,370,26,44,370,26,44
274,DER-1-301,2025,2661,368,137,435,366,26,43,366,26,43
275,DER-1-305,2025,2046,155,21,565,521,34,10,521,34,10
276,DER-1-306,2025,1577,152,23,560,514,33,13,514,33,13
277,DER-1-307,2025,116,2,1,15,14,1,0,14,1,0
278,DER-1-308,2025,253,16,1,15,13,1,1,13,1,1
279,DER-1-312,2025,2001,207,142,150,126,9,15,126,9,15
280,DER-1-313,2025,1737,261,124,150,126,9,15,126,9,15
281,DER-1-319,2025,168,8,1,50,46,3,1,46,3,1
282,DER-1-320,2025,414,26,3,45,41,3,1,41,3,1
283,DER-1-321,2025,3395,403,16,650,606,39,5,606,39,5
284,DER-1-322,2025,2243,252,15,650,604,39,7,604,39,7
285,DER-1-326,2025,2327,250,44,300,252,18,30,252,18,30
286,DER-1-327,2025,1652,220,39,300,267,18,15,267,18,15
287,DER-1-328,2025,341,27,6,25,21,2,2,21,2,2
288,DER-1-333,2025,1805,192,49,365,322,22,21,322,22,21
289,DER-1-334,2025,1149,146,35,360,321,21,18,321,21,18
290,DER-1-338,2025,707,49,8,160,145,9,6,145,9,6
291,DER-1-339,2025,447,21,0,155,146,9,0,146,9,0
292,DER-1-343,2025,181,8,0,35,33,2,0,33,2,0
293,DER-1-344,2025,144,9,0,35,33,2,0,33,2,0
294,DER-1-348,2025,198,15,1,50,47,3,0,47,3,0
295,DER-1-349,2025,152,18,0,50,47,3,0,47,3,0
296,DER-1-353,2025,256,20,10,40,34,2,4,34,2,4
297,DER-1-354,2025,275,20,25,40,34,2,4,34,2,4
298,DER-1-355,2025,89,0,0,5,5,0,0,5,0,0
299,DER-1-356,2025,23,1,0,15,14,1,0,14,1,0
300,DER-1-357,2025,56,1,0,10,10,0,0,10,0,0
301,DER-1-361,2025,151,13,0,40,38,2,0,38,2,0
302,DER-1-362,2025,105,14,2,40,38,2,0,38,2,0
303,DER-1-363,2025,42,1,0,10,10,0,0,10,0,0
304,DER-1-366,2025,484,5,0,35,33,2,0,33,2,0
305,DER-1-369,2025,2910,231,71,250,210,15,25,210,15,25
306,DER-1-370,2025,98,0,0,25,25,0,0,25,0,0
307,DER-1-371,2025,2441,237,76,250,210,15,25,210,15,25
308,DER-1-372,2025,511,74,104,25,21,1,3,21,1,3
309,DER-1-375,2025,130,23,0,25,23,2,0,23,2,0
310,DER-1-376,2025,128,20,0,20,19,1,0,19,1,0
311,DER-1-379,2025,629,39,2,50,46,3,1,46,3,1
312,DER-1-380,2025,413,32,1,50,47,3,0,47,3,0
313,DER-1-383,2025,1688,95,5,100,90,6,4,90,6,4
314,DER-1-384,2025,1409,125,27,100,84,6,10,84,6,10
315,DER-1-386,2025,417,23,3,50,47,3,0,47,3,0
316,DER-1-387,2025,419,19,11,50,44,3,3,44,3,3
317,DER-1-389,2025,2482,184,28,145,123,9,13,123,9,13
318,DER-1-391,2025,664,30,2,20,19,1,0,19,1,0
319,DER-1-392,2025,575,36,4,15,13,1,1,13,1,1
320,DER-1-394,2025,1560,152,38,90,76,5,9,76,5,9
321,DER-1-395,2025,1222,123,17,90,77,5,8,77,5,8
322,DER-1-398,2025,707,62,11,85,73,5,7,73,5,7
323,DER-1-399,2025,620,58,13,85,76,5,4,76,5,4
324,DER-1-401,2025,119,0,0,10,10,0,0,10,0,0
325,DER-1-402,2025,60,0,0,10,10,0,0,10,0,0
326,DER-1-404,2025,83,0,0,5,5,0,0,5,0,0
327,DER-1-405,2025,54,0,0,5,5,0,0,5,0,0
328,DER-1-406,2025,66,0,0,5,5,0,0,5,0,0
329,DER-1-407,2025,69,0,0,5,5,0,0,5,0,0
330,DER-1-409,2025,91,8,4,15,14,1,0,14,1,0
331,DER-1-410,2025,97,12,1,15,14,1,0,14,1,0
332,DER-1-411,2025,52,0,0,10,10,0,0,10,0,0
333,DER-1-412,2025,15,0,1,10,10,0,0,10,0,0
334,DER-1-415,2025,151,20,7,25,21,2,2,21,2,2
335,DER-1-416,2025,157,26,1,25,22,2,1,22,2,1
336,DER-1-417,2025,61,1,1,10,10,0,0,10,0,0
337,DER-1-418,2025,34,0,1,10,9,0,1,9,0,1
338,DER-1-422,2025,158,34,1,40,38,2,0,38,2,0
339,DER-1-423,2025,168,29,1,35,32,2,1,32,2,1
340,DER-1-424,2025,66,0,0,10,10,0,0,10,0,0
341,DER-1-425,2025,14,0,0,15,15,0,0,15,0,0
342,DER-1-426,2025,59,5,2,15,13,1,1,13,1,1
343,DER-1-429,2025,102,13,1,40,37,2,1,37,2,1
344,DER-1-430,2025,94,12,4,40,37,2,1,37,2,1
345,DER-1-431,2025,33,0,0,5,5,0,0,5,0,0
346,DER-1-432,2025,9,0,0,15,15,0,0,15,0,0
347,DER-1-433,2025,54,8,1,15,14,1,0,14,1,0
348,DER-1-700,2025,1686,29,3,1,1,0,0,1,0,0
349,DER-2-104,2025,132,26,3,40,37,2,1,37,2,1
350,DER-2-105,2025,9,2,0,15,5,1,0,5,1,0
351,DER-2-106,2025,459,214,39,80,68,4,8,68,4,8
352,DER-2-107,2025,15,6,0,15,14,1,0,14,1,0
353,DER-2-118,2025,310,64,6,130,117,7,6,117,7,6
354,DER-2-119,2025,11,0,1,20,18,1,1,18,1,1
355,DER-2-120,2025,0,0,0,10,0,0,0,0,0,0
356,DER-2-121,2025,1997,1007,328,180,152,10,18,152,10,18
357,DER-2-122,2025,95,39,16,50,42,3,5,42,3,5
358,DER-2-123,2025,17,8,8,30,15,8,7,15,8,7
359,DER-2-129,2025,914,1066,640,50,42,3,5,42,3,5
360,DER-2-130,2025,6,1,0,15,5,1,0,5,1,0
361,DER-2-141,2025,139,0,5,10,9,0,1,9,0,1
362,DER-2-142,2025,30,26,18,150,28,23,18,28,23,18
363,DER-2-146,2025,80,11,1,30,28,1,1,28,1,1
364,DER-2-147,2025,37,42,3,220,33,42,2,33,42,2
365,DER-2-152,2025,277,8,15,10,9,0,1,9,0,1
366,DER-2-156,2025,1349,79,25,100,84,6,10,84,6,10
367,DER-2-159,2025,61,1,2,10,9,0,1,9,0,1
368,DER-2-160,2025,102,131,68,15,13,1,1,13,1,1
369,DER-2-162,2025,185,4,7,65,55,4,6,55,4,6
370,DER-2-163,2025,1536,84,65,65,55,4,6,55,4,6
371,DER-2-167,2025,111,0,2,10,9,0,1,9,0,1
372,DER-2-168,2025,101,8,1,15,14,1,0,14,1,0
373,DER-2-175,2025,334,15,1,100,93,6,1,93,6,1
374,DER-2-178,2025,66,13,1,20,18,1,1,18,1,1
375,DER-2-183,2025,260,28,19,125,105,8,12,105,8,12
376,DER-2-184,2025,409,52,31,75,63,5,7,63,5,7
377,DER-2-187,2025,561,60,21,35,30,2,3,30,2,3
378,DER-2-188,2025,659,43,62,25,21,1,3,21,1,3
379,DER-2-190,2025,399,66,17,75,63,5,7,63,5,7
380,DER-2-191,2025,160,43,12,25,21,2,2,21,2,2
381,DER-2-198,2025,920,131,41,230,194,13,23,194,13,23
382,DER-2-199,2025,777,133,53,175,147,11,17,147,11,17
383,DER-2-204,2025,310,38,6,75,67,5,3,67,5,3
384,DER-2-205,2025,581,75,60,75,63,5,7,63,5,7
385,DER-2-209,2025,77,3,2,50,47,1,2,47,1,2
386,DER-2-210,2025,248,111,46,40,34,2,4,34,2,4
387,DER-2-214,2025,244,1,57,10,9,0,1,9,0,1
388,DER-2-218,2025,34,5,0,45,37,8,0,37,8,0
389,DER-2-219,2025,219,29,21,25,21,2,2,21,2,2
390,DER-2-224,2025,252,53,2,300,248,49,3,248,49,3
391,DER-2-225,2025,504,126,16,200,179,12,9,179,12,9
392,DER-2-231,2025,25,23,0,30,21,9,0,21,9,0
393,DER-2-232,2025,67,21,2,25,23,2,0,23,2,0
394,DER-2-239,2025,165,62,3,205,159,43,3,159,43,3
395,DER-2-240,2025,266,52,17,50,42,3,5,42,3,5
396,DER-2-241,2025,32,18,1,100,86,14,0,86,14,0
397,DER-2-242,2025,75,36,4,50,36,13,1,36,13,1
398,DER-2-248,2025,322,37,32,40,34,2,4,34,2,4
399,DER-2-249,2025,42,9,3,20,17,1,2,17,1,2
400,DER-2-250,2025,111,46,10,50,42,3,5,42,3,5
401,DER-2-259,2025,271,45,0,135,127,8,0,127,8,0
402,DER-2-260,2025,395,85,9,85,74,5,6,74,5,6
403,DER-2-261,2025,39,8,0,60,47,13,0,47,13,0
404,DER-2-262,2025,84,36,5,40,35,2,3,35,2,3
405,DER-2-267,2025,16,4,0,45,37,7,1,37,7,1
406,DER-2-268,2025,141,11,2,30,27,1,2,27,1,2
407,DER-2-272,2025,9,0,0,25,25,0,0,25,0,0
408,DER-2-273,2025,57,6,3,15,13,1,1,13,1,1
409,DER-2-281,2025,11,3,0,30,27,3,0,27,3,0
410,DER-2-282,2025,8,6,1,15,11,4,0,11,4,0
411,DER-2-283,2025,89,34,13,30,26,1,3,26,1,3
412,DER-2-284,2025,85,54,4,40,35,2,3,35,2,3
413,DER-2-291,2025,4,4,0,100,77,23,0,77,23,0
414,DER-2-292,2025,81,24,0,50,47,3,0,47,3,0
415,DER-2-297,2025,142,77,0,200,136,64,0,136,64,0
416,DER-2-298,2025,498,114,24,100,84,6,10,84,6,10
417,DER-2-302,2025,214,65,5,175,148,25,2,148,25,2
418,DER-2-303,2025,737,185,84,100,84,6,10,84,6,10
419,DER-2-309,2025,60,25,0,150,61,18,0,61,18,0
420,DER-2-310,2025,351,60,48,100,84,6,10,84,6,10
421,DER-2-314,2025,118,32,8,60,51,3,6,51,3,6
422,DER-2-315,2025,538,137,90,50,42,3,5,42,3,5
423,DER-2-323,2025,613,124,5,450,411,37,2,411,37,2
424,DER-2-324,2025,907,160,21,350,315,21,14,315,21,14
425,DER-2-329,2025,433,98,13,225,202,14,9,202,14,9
426,DER-2-330,2025,647,174,41,125,105,8,12,105,8,12
427,DER-2-335,2025,177,35,5,100,91,6,3,91,6,3
428,DER-2-336,2025,287,42,26,80,68,4,8,68,4,8
429,DER-2-340,2025,81,5,0,65,51,3,0,51,3,0
430,DER-2-341,2025,128,11,3,40,35,2,3,35,2,3
431,DER-2-345,2025,16,0,1,25,12,0,0,12,0,0
432,DER-2-346,2025,31,0,0,15,15,0,0,15,0,0
433,DER-2-350,2025,6,1,0,20,3,1,0,3,1,0
434,DER-2-351,2025,34,7,0,15,14,1,0,14,1,0
435,DER-2-358,2025,22,1,3,10,9,0,1,9,0,1
436,DER-2-359,2025,76,0,3,10,9,0,1,9,0,1
437,DER-2-364,2025,24,2,0,15,13,2,0,13,2,0
438,DER-2-367,2025,64,0,0,10,10,0,0,10,0,0
439,DER-2-373,2025,854,112,16,165,143,10,12,143,10,12
440,DER-2-377,2025,21,0,0,10,10,0,0,10,0,0
441,DER-2-381,2025,213,25,6,45,38,3,4,38,3,4
442,DER-2-385,2025,500,37,3,105,98,6,1,98,6,1
443,DER-2-388,2025,38,1,0,5,5,0,0,5,0,0
444,DER-2-390,2025,374,28,6,65,59,4,2,59,4,2
445,DER-2-393,2025,94,8,0,15,14,1,0,14,1,0
446,DER-2-396,2025,454,47,10,80,69,4,7,69,4,7
447,DER-2-400,2025,241,34,14,100,85,6,9,85,6,9
448,DER-2-403,2025,23,0,0,10,10,0,0,10,0,0
449,DER-2-408,2025,243,6,8,10,9,0,1,9,0,1
450,DER-2-413,2025,13,0,0,10,10,0,0,10,0,0
451,DER-2-419,2025,25,1,2,20,19,1,0,19,1,0
452,DER-2-420,2025,191,15,9,20,17,1,2,17,1,2
453,DER-2-427,2025,20,0,0,10,10,0,0,10,0,0
454,DER-2-434,2025,6,0,0,10,8,2,0,8,2,0
455,DER-3-108,2025,173,34,3,50,47,3,0,47,3,0
456,DER-3-109,2025,8,0,0,10,4,0,0,4,0,0
457,DER-3-124,2025,430,73,5,175,160,11,4,160,11,4
458,DER-3-125,2025,34,2,3,20,17,1,2,17,1,2
459,DER-3-126,2025,0,2,0,10,0,2,0,0,2,0
460,DER-3-131,2025,438,363,364,20,17,1,2,17,1,2
461,DER-3-132,2025,5,2,0,9,5,2,0,5,2,0
462,DER-3-143,2025,31,29,0,100,25,17,0,25,17,0
463,DER-3-148,2025,56,0,1,10,9,0,1,9,0,1
464,DER-3-149,2025,41,12,0,50,40,10,0,40,10,0
465,DER-3-153,2025,302,6,27,10,9,0,1,9,0,1
466,DER-3-157,2025,1315,85,19,115,97,7,11,97,7,11
467,DER-3-161,2025,124,29,39,25,21,1,3,21,1,3
468,DER-3-169,2025,154,0,4,10,9,0,1,9,0,1
469,DER-3-176,2025,418,16,1,90,84,5,1,84,5,1
470,DER-3-179,2025,72,8,0,40,38,2,0,38,2,0
471,DER-3-185,2025,490,22,0,200,188,12,0,188,12,0
472,DER-3-189,2025,758,51,23,55,47,3,5,47,3,5
473,DER-3-192,2025,762,121,7,165,149,10,6,149,10,6
474,DER-3-193,2025,85,17,5,100,71,16,4,71,16,4
475,DER-3-200,2025,844,103,9,300,275,18,7,275,18,7
476,DER-3-206,2025,592,60,6,80,70,4,6,70,4,6
477,DER-3-211,2025,172,8,5,75,67,5,3,67,5,3
478,DER-3-215,2025,197,0,15,10,9,0,1,9,0,1
479,DER-3-220,2025,164,9,2,85,79,5,1,79,5,1
480,DER-3-226,2025,316,43,2,350,308,41,1,308,41,1
481,DER-3-233,2025,66,12,1,65,55,9,1,55,9,1
482,DER-3-243,2025,223,69,2,225,150,51,1,150,51,1
483,DER-3-244,2025,72,40,3,75,40,17,3,40,17,3
484,DER-3-251,2025,176,26,10,40,34,2,4,34,2,4
485,DER-3-252,2025,83,17,8,40,34,2,4,34,2,4
486,DER-3-263,2025,235,22,0,280,159,16,0,159,16,0
487,DER-3-264,2025,40,12,0,75,20,9,0,20,9,0
488,DER-3-269,2025,44,22,0,45,17,13,0,17,13,0
489,DER-3-274,2025,25,10,2,60,13,5,2,13,5,2
490,DER-3-285,2025,44,11,1,40,18,7,0,18,7,0
491,DER-3-286,2025,38,38,3,50,25,23,2,25,23,2
492,DER-3-293,2025,37,17,0,70,56,13,1,56,13,1
493,DER-3-299,2025,359,107,0,325,214,77,0,214,77,0
494,DER-3-304,2025,375,73,17,175,154,11,10,154,11,10
495,DER-3-311,2025,200,33,1,175,126,20,1,126,20,1
496,DER-3-316,2025,299,39,6,140,129,8,3,129,8,3
497,DER-3-317,2025,37,0,0,5,5,0,0,5,0,0
498,DER-3-318,2025,12,0,0,5,5,0,0,5,0,0
499,DER-3-325,2025,645,88,0,340,320,20,0,320,20,0
500,DER-3-331,2025,378,67,6,115,106,7,2,106,7,2
501,DER-3-332,2025,29,4,2,25,19,3,0,19,3,0
502,DER-3-337,2025,319,48,2,125,117,8,0,117,8,0
503,DER-3-342,2025,122,3,0,100,80,2,0,80,2,0
504,DER-3-347,2025,25,0,0,40,20,0,0,20,0,0
505,DER-3-352,2025,25,2,0,30,11,2,0,11,2,0
506,DER-3-360,2025,52,8,1,25,22,2,1,22,2,1
507,DER-3-365,2025,16,5,0,15,11,4,0,11,4,0
508,DER-3-368,2025,101,2,0,15,14,1,0,14,1,0
509,DER-3-374,2025,923,57,11,160,148,9,3,148,9,3
510,DER-3-378,2025,47,6,0,20,19,1,0,19,1,0
511,DER-3-382,2025,138,12,4,30,26,1,3,26,1,3
512,DER-3-397,2025,241,30,3,25,21,2,2,21,2,2
513,DER-3-414,2025,3,3,0,15,14,1,0,14,1,0
514,DER-3-421,2025,32,9,0,15,14,1,0,14,1,0
515,DER-3-428,2025,34,3,0,25,22,3,0,22,3,0
516,DER-3-435,2025,15,5,1,25,21,3,1,21,3,1
517,ELK-1-132,2025,2453,384,302,85,72,5,8,72,5,8
518,ELK-1-133,2025,2095,0,19,125,114,0,11,114,0,11
519,ELK-1-134,2025,339,0,8,75,71,0,4,71,0,4
520,ELK-1-135,2025,1302,0,14,75,70,0,5,70,0,5
521,ELK-1-138,2025,151,7,2,10,9,0,1,9,0,1
522,ELK-1-139,2025,70,0,0,10,10,0,0,10,0,0
523,ELK-1-140,2025,92,2,2,10,9,0,1,9,0,1
524,ELK-1-141,2025,53,0,0,10,10,0,0,10,0,0
525,ELK-1-142,2025,64,2,2,10,9,0,1,9,0,1
526,ELK-1-143,2025,35,0,0,10,10,0,0,10,0,0
527,ELK-1-144,2025,178,3,8,10,9,0,1,9,0,1
528,ELK-1-145,2025,74,0,0,10,10,0,0,10,0,0
529,ELK-1-160,2025,1006,138,151,70,59,4,7,59,4,7
530,ELK-1-161,2025,146,0,0,120,120,0,0,120,0,0
531,ELK-1-162,2025,649,0,0,100,100,0,0,100,0,0
532,ELK-1-165,2025,720,0,26,10,9,0,1,9,0,1
533,ELK-1-166,2025,345,0,20,10,9,0,1,9,0,1
534,ELK-1-167,2025,257,0,17,10,9,0,1,9,0,1
535,ELK-1-168,2025,209,0,11,10,9,0,1,9,0,1
536,ELK-1-169,2025,99,0,2,10,9,0,1,9,0,1
537,ELK-1-170,2025,67,0,0,10,10,0,0,10,0,0
538,ELK-1-173,2025,382,0,12,15,14,0,1,14,0,1
539,ELK-1-174,2025,276,0,3,15,14,0,1,14,0,1
540,ELK-1-175,2025,122,0,1,10,9,0,1,9,0,1
541,ELK-1-176,2025,79,0,3,15,14,0,1,14,0,1
542,ELK-1-177,2025,99,0,0,20,20,0,0,20,0,0
543,ELK-1-180,2025,1053,206,130,86,73,5,8,73,5,8
544,ELK-1-181,2025,524,0,2,59,59,0,0,59,0,0
545,ELK-1-182,2025,454,103,48,86,73,5,8,73,5,8
546,ELK-1-183,2025,336,0,0,59,59,0,0,59,0,0
547,ELK-1-184,2025,342,97,90,87,74,5,8,74,5,8
548,ELK-1-185,2025,394,0,9,59,54,0,5,54,0,5
549,ELK-1-186,2025,667,144,102,87,74,5,8,74,5,8
550,ELK-1-189,2025,344,91,8,120,109,7,4,109,7,4
551,ELK-1-190,2025,214,102,3,125,114,8,3,114,8,3
552,ELK-1-191,2025,217,0,3,42,42,0,0,42,0,0
553,ELK-1-192,2025,296,0,4,45,45,0,0,45,0,0
554,ELK-1-195,2025,2991,715,508,220,185,13,22,185,13,22
555,ELK-1-196,2025,1530,487,337,220,185,13,22,185,13,22
556,ELK-1-197,2025,1054,385,182,220,185,13,22,185,13,22
557,ELK-1-198,2025,1701,0,1,251,251,0,0,251,0,0
558,ELK-1-199,2025,1453,0,6,251,250,0,1,250,0,1
559,ELK-1-200,2025,1367,0,1,252,252,0,0,252,0,0
560,ELK-1-207,2025,2502,618,434,230,194,13,23,194,13,23
561,ELK-1-208,2025,1345,316,194,230,194,13,23,194,13,23
562,ELK-1-209,2025,249,0,3,80,80,0,0,80,0,0
563,ELK-1-210,2025,112,0,0,56,56,0,0,56,0,0
564,ELK-1-211,2025,1282,0,5,73,68,0,5,68,0,5
565,ELK-1-212,2025,1256,0,8,115,111,0,4,111,0,4
566,ELK-1-216,2025,2537,440,391,100,84,6,10,84,6,10
567,ELK-1-217,2025,1499,283,179,103,87,6,10,87,6,10
568,ELK-1-218,2025,1526,0,10,99,91,0,8,91,0,8
569,ELK-1-225,2025,2933,884,485,15,13,1,1,13,1,1
570,ELK-1-226,2025,516,0,0,20,20,0,0,20,0,0
571,ELK-1-227,2025,1570,421,191,20,17,1,2,17,1,2
572,ELK-1-228,2025,258,0,0,15,15,0,0,15,0,0
573,ELK-1-229,2025,314,0,2,35,33,0,2,33,0,2
574,ELK-1-230,2025,427,0,3,35,34,0,1,34,0,1
575,ELK-1-231,2025,301,0,0,35,35,0,0,35,0,0
576,ELK-1-232,2025,225,0,3,35,33,0,2,33,0,2
577,ELK-1-233,2025,315,0,0,35,35,0,0,35,0,0
578,ELK-1-237,2025,1557,295,261,105,89,6,10,89,6,10
579,ELK-1-238,2025,810,183,219,105,89,6,10,89,6,10
580,ELK-1-239,2025,877,0,3,110,109,0,1,109,0,1
581,ELK-1-240,2025,728,0,0,110,110,0,0,110,0,0
582,ELK-1-244,2025,348,34,12,30,26,1,3,26,1,3
583,ELK-1-245,2025,278,0,1,50,50,0,0,50,0,0
584,ELK-1-248,2025,771,249,284,35,30,2,3,30,2,3
585,ELK-1-249,2025,473,150,239,60,51,3,6,51,3,6
586,ELK-1-250,2025,390,124,118,80,68,4,8,68,4,8
587,ELK-1-251,2025,376,99,58,80,68,4,8,68,4,8
588,ELK-1-252,2025,419,0,1,60,59,0,1,59,0,1
589,ELK-1-253,2025,325,0,0,60,60,0,0,60,0,0
590,ELK-1-254,2025,356,0,1,64,63,0,1,63,0,1
591,ELK-1-274,2025,424,57,94,25,21,1,3,21,1,3
592,ELK-1-275,2025,3478,2563,1834,75,63,5,7,63,5,7
593,ELK-1-276,2025,1853,1613,1170,100,84,6,10,84,6,10
594,ELK-1-277,2025,1362,0,6,75,69,0,6,69,0,6
595,ELK-1-278,2025,810,0,3,75,73,0,2,73,0,2
596,ELK-1-281,2025,980,634,192,25,21,2,2,21,2,2
597,ELK-1-282,2025,674,283,115,80,68,4,8,68,4,8
598,ELK-1-283,2025,656,310,78,120,101,7,12,101,7,12
599,ELK-1-286,2025,739,273,189,25,21,2,2,21,2,2
600,ELK-1-287,2025,906,251,153,35,30,2,3,30,2,3
601,ELK-1-288,2025,536,160,136,65,55,4,6,55,4,6
602,ELK-1-289,2025,551,0,5,50,49,0,1,49,0,1
603,ELK-1-290,2025,309,0,0,48,48,0,0,48,0,0
604,ELK-1-293,2025,399,61,83,25,21,1,3,21,1,3
605,ELK-1-294,2025,2639,1887,1294,55,47,3,5,47,3,5
606,ELK-1-295,2025,951,353,476,50,42,3,5,42,3,5
607,ELK-1-296,2025,875,0,12,50,46,0,4,46,0,4
608,ELK-1-297,2025,490,0,2,50,49,0,1,49,0,1
609,ELK-1-300,2025,517,250,150,25,21,2,2,21,2,2
610,ELK-1-302,2025,543,128,121,53,45,3,5,45,3,5
611,ELK-1-303,2025,354,0,0,75,75,0,0,75,0,0
612,ELK-1-304,2025,254,0,0,75,75,0,0,75,0,0
613,ELK-1-316,2025,469,95,116,15,13,1,1,13,1,1
614,ELK-1-317,2025,255,78,120,35,30,2,3,30,2,3
615,ELK-1-318,2025,244,104,101,55,47,3,5,47,3,5
616,ELK-1-319,2025,195,0,1,30,29,0,1,29,0,1
617,ELK-1-323,2025,163,6,65,10,9,0,1,9,0,1
618,ELK-1-324,2025,92,27,5,15,13,1,1,13,1,1
619,ELK-1-325,2025,77,56,10,25,21,2,2,21,2,2
620,ELK-1-326,2025,64,0,0,15,15,0,0,15,0,0
621,ELK-1-327,2025,56,0,0,15,15,0,0,15,0,0
622,ELK-1-328,2025,63,0,0,15,15,0,0,15,0,0
623,ELK-1-329,2025,86,0,0,20,20,0,0,20,0,0
624,ELK-1-333,2025,429,229,170,25,21,2,2,21,2,2
625,ELK-1-335,2025,653,272,168,75,63,5,7,63,5,7
626,ELK-1-336,2025,265,0,0,20,20,0,0,20,0,0
627,ELK-1-338,2025,98,0,0,20,20,0,0,20,0,0
628,ELK-1-342,2025,229,43,11,15,13,1,1,13,1,1
629,ELK-1-343,2025,284,2,1,5,5,0,0,5,0,0
630,ELK-1-344,2025,58,0,0,5,5,0,0,5,0,0
631,ELK-1-347,2025,1859,573,486,75,63,4,8,63,4,8
632,ELK-1-348,2025,754,0,10,120,110,0,10,110,0,10
633,ELK-1-349,2025,485,68,61,50,42,3,5,42,3,5
634,ELK-1-351,2025,8168,1768,1037,150,126,9,15,126,9,15
635,ELK-1-352,2025,4072,1,26,350,326,0,24,326,0,24
636,ELK-1-353,2025,3138,0,24,350,338,0,12,338,0,12
637,ELK-1-354,2025,2176,0,17,350,342,0,8,342,0,8
638,ELK-1-356,2025,1448,0,22,200,188,0,12,188,0,12
639,ELK-1-357,2025,1107,0,9,200,198,0,2,198,0,2
640,ELK-1-361,2025,4367,1202,735,140,118,8,14,118,8,14
641,ELK-1-362,2025,2674,832,525,140,118,8,14,118,8,14
642,ELK-1-363,2025,1028,0,9,100,93,0,7,93,0,7
643,ELK-1-364,2025,727,0,10,100,96,0,4,96,0,4
644,ELK-1-365,2025,678,0,8,100,97,0,3,97,0,3
645,ELK-1-369,2025,1153,187,77,140,118,8,14,118,8,14
646,ELK-1-370,2025,607,133,28,140,118,8,14,118,8,14
647,ELK-1-375,2025,507,111,13,75,63,5,7,63,5,7
648,ELK-1-376,2025,258,90,21,64,54,4,6,54,4,6
649,ELK-1-377,2025,299,0,0,50,50,0,0,50,0,0
650,ELK-1-378,2025,347,0,0,54,54,0,0,54,0,0
651,ELK-1-381,2025,1326,217,160,77,65,4,8,65,4,8
652,ELK-1-382,2025,633,153,130,76,64,4,8,64,4,8
653,ELK-1-383,2025,711,0,0,77,77,0,0,77,0,0
654,ELK-1-384,2025,495,0,0,77,77,0,0,77,0,0
655,ELK-1-388,2025,327,125,10,80,68,4,8,68,4,8
656,ELK-1-389,2025,229,98,24,131,111,7,13,111,7,13
657,ELK-1-390,2025,231,0,0,94,94,0,0,94,0,0
658,ELK-1-391,2025,181,0,0,94,94,0,0,94,0,0
659,ELK-1-392,2025,292,2,15,10,9,0,1,9,0,1
660,ELK-1-395,2025,304,3,83,10,9,0,1,9,0,1
661,ELK-1-396,2025,44,41,10,10,9,0,1,9,0,1
662,ELK-1-397,2025,163,49,23,10,9,0,1,9,0,1
663,ELK-1-400,2025,1297,205,309,20,17,1,2,17,1,2
664,ELK-1-401,2025,958,96,117,30,26,1,3,26,1,3
665,ELK-1-404,2025,1270,315,418,30,26,1,3,26,1,3
666,ELK-1-405,2025,681,112,143,30,26,1,3,26,1,3
667,ELK-1-406,2025,332,0,3,45,43,0,2,43,0,2
668,ELK-1-408,2025,342,5,57,10,9,0,1,9,0,1
669,ELK-1-409,2025,182,0,17,10,9,0,1,9,0,1
670,ELK-1-410,2025,383,28,5,30,26,1,3,26,1,3
671,ELK-1-413,2025,241,53,18,13,11,1,1,11,1,1
672,ELK-1-416,2025,240,7,15,10,9,0,1,9,0,1
673,ELK-1-417,2025,67,0,1,10,9,0,1,9,0,1
674,ELK-1-422,2025,200,5,1,5,5,0,0,5,0,0
675,ELK-1-423,2025,143,5,11,10,9,0,1,9,0,1
676,ELK-1-424,2025,65,0,0,10,10,0,0,10,0,0
677,ELK-1-428,2025,80,0,0,20,20,0,0,20,0,0
678,ELK-1-429,2025,46,0,0,20,20,0,0,20,0,0
679,ELK-1-430,2025,60,0,0,20,20,0,0,20,0,0
680,ELK-1-433,2025,147,0,2,10,9,0,1,9,0,1
681,ELK-1-437,2025,73,0,0,10,10,0,0,10,0,0
682,ELK-1-438,2025,53,0,0,10,10,0,0,10,0,0
683,ELK-1-439,2025,42,0,0,15,15,0,0,15,0,0
684,ELK-1-440,2025,36,0,0,15,15,0,0,15,0,0
685,ELK-1-444,2025,1214,349,156,35,30,2,3,30,2,3
686,ELK-1-445,2025,506,146,90,30,26,1,3,26,1,3
687,ELK-1-446,2025,547,157,117,20,17,1,2,17,1,2
688,ELK-1-447,2025,171,0,1,30,29,0,1,29,0,1
689,ELK-1-448,2025,167,0,0,30,30,0,0,30,0,0
690,ELK-1-449,2025,166,0,0,30,30,0,0,30,0,0
691,ELK-1-700,2025,1586,44,4,1,1,0,0,1,0,0
692,ELK-2-129,2025,468,168,88,120,101,7,12,101,7,12
693,ELK-2-130,2025,874,272,200,120,101,7,12,101,7,12
694,ELK-2-136,2025,32,2,0,5,5,0,0,5,0,0
695,ELK-2-137,2025,49,4,0,5,5,0,0,5,0,0
696,ELK-2-146,2025,68,0,0,15,15,0,0,15,0,0
697,ELK-2-147,2025,93,0,0,15,15,0,0,15,0,0
698,ELK-2-151,2025,178,104,2,82,77,5,0,77,5,0
699,ELK-2-152,2025,207,97,2,82,75,5,2,75,5,2
700,ELK-2-157,2025,377,202,83,125,105,8,12,105,8,12
701,ELK-2-158,2025,497,222,116,125,105,8,12,105,8,12
702,ELK-2-163,2025,155,0,3,10,9,0,1,9,0,1
703,ELK-2-164,2025,196,0,5,10,9,0,1,9,0,1
704,ELK-2-171,2025,67,0,1,10,10,0,0,10,0,0
705,ELK-2-172,2025,121,0,0,10,10,0,0,10,0,0
706,ELK-2-178,2025,276,86,58,76,64,4,8,64,4,8
707,ELK-2-179,2025,463,119,54,75,63,5,7,63,5,7
708,ELK-2-187,2025,86,98,4,60,54,3,3,54,3,3
709,ELK-2-188,2025,87,79,4,55,49,3,3,49,3,3
710,ELK-2-193,2025,674,415,265,180,152,10,18,152,10,18
711,ELK-2-194,2025,1120,691,339,180,152,10,18,152,10,18
712,ELK-2-202,2025,819,417,254,230,194,13,23,194,13,23
713,ELK-2-203,2025,1105,658,329,230,194,13,23,194,13,23
714,ELK-2-213,2025,997,366,283,150,126,9,15,126,9,15
715,ELK-2-214,2025,1449,500,357,102,86,6,10,86,6,10
716,ELK-2-219,2025,538,419,138,25,21,2,2,21,2,2
717,ELK-2-220,2025,78,0,2,10,10,0,0,10,0,0
718,ELK-2-221,2025,1095,855,295,25,21,2,2,21,2,2
719,ELK-2-222,2025,123,0,0,10,10,0,0,10,0,0
720,ELK-2-234,2025,595,290,118,150,126,9,15,126,9,15
721,ELK-2-235,2025,914,312,135,105,89,6,10,89,6,10
722,ELK-2-241,2025,76,51,5,15,13,1,1,13,1,1
723,ELK-2-242,2025,104,14,7,14,12,1,1,12,1,1
724,ELK-2-246,2025,180,89,63,36,31,2,3,31,2,3
725,ELK-2-247,2025,268,179,116,35,30,2,3,30,2,3
726,ELK-2-255,2025,34,27,5,25,18,5,2,18,5,2
727,ELK-2-256,2025,723,433,353,202,170,12,20,170,12,20
728,ELK-2-257,2025,1002,577,514,148,125,9,14,125,9,14
729,ELK-2-264,2025,1892,1320,1103,350,294,21,35,294,21,35
730,ELK-2-265,2025,2715,2210,1367,250,210,15,25,210,15,25
731,ELK-2-272,2025,1170,1157,918,250,210,15,25,210,15,25
732,ELK-2-273,2025,1524,2280,1311,150,126,9,15,126,9,15
733,ELK-2-279,2025,584,600,195,225,189,14,22,189,14,22
734,ELK-2-280,2025,661,775,211,165,139,10,16,139,10,16
735,ELK-2-284,2025,460,346,170,144,121,9,14,121,9,14
736,ELK-2-285,2025,502,345,141,100,84,6,10,84,6,10
737,ELK-2-291,2025,694,766,485,90,76,5,9,76,5,9
738,ELK-2-292,2025,1024,1382,821,60,51,3,6,51,3,6
739,ELK-2-298,2025,223,146,58,90,76,5,9,76,5,9
740,ELK-2-299,2025,229,132,74,60,51,3,6,51,3,6
741,ELK-2-305,2025,480,311,197,125,105,8,12,105,8,12
742,ELK-2-306,2025,738,582,310,75,63,5,7,63,5,7
743,ELK-2-314,2025,235,153,91,50,42,3,5,42,3,5
744,ELK-2-315,2025,252,163,100,50,42,3,5,42,3,5
745,ELK-2-320,2025,38,30,1,15,14,1,0,14,1,0
746,ELK-2-321,2025,46,52,34,25,21,2,2,21,2,2
747,ELK-2-322,2025,62,44,33,25,21,2,2,21,2,2
748,ELK-2-330,2025,19,13,0,15,10,5,0,10,5,0
749,ELK-2-331,2025,360,245,153,125,105,8,12,105,8,12
750,ELK-2-332,2025,410,292,125,75,63,5,7,63,5,7
751,ELK-2-337,2025,38,41,5,15,13,1,1,13,1,1
752,ELK-2-339,2025,75,15,3,15,13,1,1,13,1,1
753,ELK-2-340,2025,73,2,4,10,9,0,1,9,0,1
754,ELK-2-345,2025,1972,1045,684,200,168,12,20,168,12,20
755,ELK-2-346,2025,2864,1963,993,200,168,12,20,168,12,20
756,ELK-2-355,2025,514,187,58,200,168,12,20,168,12,20
757,ELK-2-358,2025,764,558,387,140,118,8,14,118,8,14
758,ELK-2-359,2025,1225,827,541,140,118,8,14,118,8,14
759,ELK-2-366,2025,427,316,112,75,63,5,7,63,5,7
760,ELK-2-367,2025,552,399,126,73,62,4,7,62,4,7
761,ELK-2-372,2025,201,78,37,80,68,4,8,68,4,8
762,ELK-2-373,2025,220,127,28,80,68,4,8,68,4,8
763,ELK-2-379,2025,377,198,96,60,51,3,6,51,3,6
764,ELK-2-380,2025,567,306,83,59,50,3,6,50,3,6
765,ELK-2-385,2025,126,106,18,65,55,4,6,55,4,6
766,ELK-2-386,2025,171,109,20,60,51,3,6,51,3,6
767,ELK-2-393,2025,54,23,10,25,21,2,2,21,2,2
768,ELK-2-394,2025,82,28,39,25,21,1,3,21,1,3
769,ELK-2-398,2025,115,41,40,20,17,1,2,17,1,2
770,ELK-2-399,2025,321,69,134,20,17,1,2,17,1,2
771,ELK-2-402,2025,233,97,112,40,34,2,4,34,2,4
772,ELK-2-403,2025,378,105,183,30,26,1,3,26,1,3
773,ELK-2-407,2025,76,39,8,50,42,3,5,42,3,5
774,ELK-2-411,2025,42,8,3,13,11,1,1,11,1,1
775,ELK-2-412,2025,56,12,7,13,11,1,1,11,1,1
776,ELK-2-414,2025,35,1,0,5,5,0,0,5,0,0
777,ELK-2-415,2025,51,3,0,5,5,0,0,5,0,0
778,ELK-2-418,2025,27,0,0,3,3,0,0,3,0,0
779,ELK-2-419,2025,24,1,0,2,2,0,0,2,0,0
780,ELK-2-420,2025,27,1,0,5,5,0,0,5,0,0
781,ELK-2-421,2025,45,1,0,5,5,0,0,5,0,0
782,ELK-2-425,2025,34,0,0,10,10,0,0,10,0,0
783,ELK-2-426,2025,23,0,0,10,10,0,0,10,0,0
784,ELK-2-431,2025,23,0,0,5,5,0,0,5,0,0
785,ELK-2-432,2025,25,0,0,5,5,0,0,5,0,0
786,ELK-2-434,2025,23,0,0,5,5,0,0,5,0,0
787,ELK-2-435,2025,24,0,0,5,5,0,0,5,0,0
788,ELK-2-441,2025,155,174,70,25,21,2,2,21,2,2
789,ELK-2-442,2025,328,297,95,25,21,2,2,21,2,2
790,ELK-3-131,2025,948,233,139,135,114,8,13,114,8,13
791,ELK-3-148,2025,155,0,0,15,15,0,0,15,0,0
792,ELK-3-149,2025,95,0,0,15,15,0,0,15,0,0
793,ELK-3-150,2025,64,0,0,15,15,0,0,15,0,0
794,ELK-3-153,2025,32,1,0,21,20,1,0,20,1,0
795,ELK-3-154,2025,130,23,0,35,33,2,0,33,2,0
796,ELK-3-155,2025,65,9,0,35,33,2,0,33,2,0
797,ELK-3-156,2025,66,8,0,21,20,1,0,20,1,0
798,ELK-3-159,2025,499,96,74,70,59,4,7,59,4,7
799,ELK-3-201,2025,536,237,52,145,122,9,14,122,9,14
800,ELK-3-204,2025,80,9,5,50,43,3,4,43,3,4
801,ELK-3-205,2025,700,285,177,120,101,7,12,101,7,12
802,ELK-3-206,2025,284,0,0,50,50,0,0,50,0,0
803,ELK-3-215,2025,1211,310,226,104,88,6,10,88,6,10
804,ELK-3-223,2025,978,460,211,15,13,1,1,13,1,1
805,ELK-3-224,2025,142,0,0,20,20,0,0,20,0,0
806,ELK-3-236,2025,806,208,102,155,131,9,15,131,9,15
807,ELK-3-243,2025,92,14,0,24,23,1,0,23,1,0
808,ELK-3-258,2025,312,90,115,30,26,1,3,26,1,3
809,ELK-3-259,2025,847,306,242,86,73,5,8,73,5,8
810,ELK-3-260,2025,432,161,177,126,106,7,13,106,7,13
811,ELK-3-261,2025,381,203,214,126,106,7,13,106,7,13
812,ELK-3-262,2025,374,0,0,117,117,0,0,117,0,0
813,ELK-3-263,2025,288,0,0,116,116,0,0,116,0,0
814,ELK-3-266,2025,510,209,193,25,21,2,2,21,2,2
815,ELK-3-267,2025,2641,1024,520,200,168,12,20,168,12,20
816,ELK-3-268,2025,1143,472,291,245,206,15,24,206,15,24
817,ELK-3-269,2025,799,384,291,250,210,15,25,210,15,25
818,ELK-3-270,2025,1229,0,0,250,250,0,0,250,0,0
819,ELK-3-271,2025,857,0,1,250,249,0,1,249,0,1
820,ELK-3-301,2025,261,132,51,70,59,4,7,59,4,7
821,ELK-3-307,2025,223,117,69,25,21,2,2,21,2,2
822,ELK-3-308,2025,674,313,168,100,84,6,10,84,6,10
823,ELK-3-309,2025,323,159,157,100,84,6,10,84,6,10
824,ELK-3-310,2025,148,166,108,25,21,2,2,21,2,2
825,ELK-3-311,2025,126,0,1,25,24,0,1,24,0,1
826,ELK-3-312,2025,256,0,0,100,100,0,0,100,0,0
827,ELK-3-313,2025,240,0,0,100,100,0,0,100,0,0
828,ELK-3-334,2025,226,122,57,75,63,5,7,63,5,7
829,ELK-3-341,2025,69,26,1,15,13,1,1,13,1,1
830,ELK-3-350,2025,2534,1049,479,250,210,15,25,210,15,25
831,ELK-3-360,2025,1137,576,333,140,118,8,14,118,8,14
832,ELK-3-368,2025,489,215,38,136,115,8,13,115,8,13
833,ELK-3-371,2025,212,0,4,49,45,0,4,45,0,4
834,ELK-3-374,2025,150,69,13,60,51,3,6,51,3,6
835,ELK-3-387,2025,128,93,12,50,42,3,5,42,3,5
836,ELK-3-427,2025,35,0,0,20,20,0,0,20,0,0
837,ELK-3-436,2025,21,0,0,10,10,0,0,10,0,0
838,ELK-3-443,2025,266,227,62,20,17,1,2,17,1,2
839,IBX-1-101,2025,4901,2015,1565,15,13,1,1,13,1,1
840,IBX-1-102,2025,2060,442,56,20,17,1,2,17,1,2
841,IBX-1-103,2025,486,32,9,5,5,0,0,5,0,0
842,IBX-1-105,2025,2157,467,61,20,17,1,2,17,1,2
843,IBX-2-100,2025,588,204,57,100,84,6,10,84,6,10
844,IBX-2-104,2025,925,400,155,100,84,6,10,84,6,10
845,IBX-3-106,2025,1736,698,639,15,13,1,1,13,1,1
851,ORX-1-100,2025,3122,500,291,70,59,4,7,59,4,7
852,ORX-1-101,2025,2841,497,212,70,59,4,7,59,4,7
853,ORX-1-102,2025,812,0,27,75,68,0,7,68,0,7
854,ORX-1-103,2025,3369,489,348,70,59,4,7,59,4,7
855,ORX-1-104,2025,3094,667,593,70,59,4,7,59,4,7
856,ORX-1-105,2025,4851,1164,837,70,59,4,7,59,4,7
857,ORX-1-106,2025,3978,1358,881,70,59,4,7,59,4,7
858,ORX-1-107,2025,4243,1077,711,70,59,4,7,59,4,7
859,ORX-1-108,2025,3165,966,648,70,59,4,7,59,4,7
860,ORX-1-109,2025,3031,791,479,70,59,4,7,59,4,7
861,ORX-1-110,2025,240,25,35,20,17,1,2,17,1,2
862,ORX-1-111,2025,1870,256,226,40,34,2,4,34,2,4
863,ORX-1-112,2025,872,67,34,15,13,1,1,13,1,1
864,ORX-1-113,2025,763,49,24,15,13,1,1,13,1,1
865,ORX-1-114,2025,973,71,19,15,13,1,1,13,1,1
866,ORX-1-115,2025,943,64,32,15,13,1,1,13,1,1
867,ORX-1-116,2025,1454,128,51,15,13,1,1,13,1,1
868,ORX-1-117,2025,1197,121,34,15,13,1,1,13,1,1
869,ORX-1-118,2025,1361,126,52,15,13,1,1,13,1,1
870,ORX-1-119,2025,1002,91,40,15,13,1,1,13,1,1
871,ORX-1-120,2025,1024,139,43,15,13,1,1,13,1,1
872,ORX-1-204,2025,3151,291,366,96,81,6,9,81,6,9
873,ORX-1-205,2025,396,30,63,24,21,1,2,21,1,2
874,ORX-1-206,2025,2973,295,317,96,81,6,9,81,6,9
875,ORX-1-207,2025,353,31,46,24,21,1,2,21,1,2
876,ORX-1-208,2025,3090,298,329,96,81,6,9,81,6,9
877,ORX-1-209,2025,309,30,38,24,21,1,2,21,1,2
878,ORX-1-210,2025,2469,211,156,96,81,6,9,81,6,9
879,ORX-1-211,2025,256,23,19,24,21,1,2,21,1,2
880,ORX-1-212,2025,2896,243,213,96,81,6,9,81,6,9
881,ORX-1-213,2025,254,23,29,24,21,1,2,21,1,2
882,ORX-1-214,2025,3252,229,262,96,81,6,9,81,6,9
883,ORX-1-215,2025,334,28,28,24,21,1,2,21,1,2
884,ORX-1-216,2025,4073,381,324,96,81,6,9,81,6,9
885,ORX-1-217,2025,405,49,40,24,21,1,2,21,1,2
886,ORX-1-218,2025,4515,473,478,96,81,6,9,81,6,9
887,ORX-1-219,2025,445,43,52,24,21,1,2,21,1,2
888,ORX-1-220,2025,4434,518,537,80,68,4,8,68,4,8
889,ORX-1-221,2025,396,40,40,20,17,1,2,17,1,2
890,ORX-1-222,2025,688,49,44,40,34,2,4,34,2,4
891,ORX-1-223,2025,3770,435,436,96,81,6,9,81,6,9
892,ORX-1-224,2025,368,36,50,24,21,1,2,21,1,2
893,ORX-1-225,2025,2035,417,187,25,21,2,2,21,2,2
894,ORX-1-226,2025,147,61,10,25,21,2,2,21,2,2
895,ORX-1-227,2025,1949,374,199,25,21,1,3,21,1,3
896,ORX-1-228,2025,147,52,11,25,21,2,2,21,2,2
